timestamp_start,timestamp_end,dataset,group,variant,config_path,save_dir,out_dir,status,exit_code,duration_min,peak_ram_gb,peak_vram_mib,n_keyframes,n_mapped,n_processed,n_dataset_frames,mapper_kf_skip,frame_skip,filter_thresh,selector_kind,ply_mb_final,ply_count,last_ply_kf,psnr,ssim,lpips,n_metric_frames,ate_rmse_m,ate_mean_m,n_ate_pairs,n_tracked,psnr_ho,ssim_ho,lpips_ho,n_eval_ho,wall_total_s,track_total_mean_ms,track_total_p95_ms,track_motion_filter_mean_ms,track_frontend_ba_mean_ms,map_total_mean_ms,map_total_p95_ms,map_train_loop_mean_ms,frame_select_mean_ms,log_path,crash_reason
1781270515,1781270526,agz,baseline,vings_filter,configs/local/agz/s5600_200f/baseline/agz_s5600_200f_vings_filter.yaml,/home/philipp/Dokumente/Github/VINGS-Mono-BA/output/exp_agz_s5600_200f,/home/philipp/Dokumente/Github/VINGS-Mono-BA/output/exp_agz_s5600_200f/06-12-21-22-generic_vo-agz_s5600_200f_vings_filter-,OK,0,0.18,1.28,555,0,0,200,200,1,1,2.4,none,,0,,,,,0,,,,,,,,,3.6,6.9,5.19,6.85,0.01,,,,,/home/philipp/Dokumente/Github/VINGS-Mono-BA/output/exp_agz_s5600_200f/06-12-21-22-generic_vo-agz_s5600_200f_vings_filter-/run_20260612_152156.log,
1781270542,1781270553,agz,mapskip,mapskip_20,configs/local/agz/s5600_200f/mapskip/agz_s5600_200f_mapskip_20.yaml,/home/philipp/Dokumente/Github/VINGS-Mono-BA/output/exp_agz_s5600_200f,/home/philipp/Dokumente/Github/VINGS-Mono-BA/output/exp_agz_s5600_200f/06-12-21-22-generic_vo-agz_s5600_200f_mapskip_20-,OK,0,0.18,1.28,559,0,0,200,200,20,1,2.4,none,,0,,,,,0,,,,,,,,,3.5,6.98,5.4,6.92,0.01,,,,,/home/philipp/Dokumente/Github/VINGS-Mono-BA/output/exp_agz_s5600_200f/06-12-21-22-generic_vo-agz_s5600_200f_mapskip_20-/run_20260612_152223.log,
1781270570,1781270581,agz,mapskip,mapskip_10,configs/local/agz/s5600_200f/mapskip/agz_s5600_200f_mapskip_10.yaml,/home/philipp/Dokumente/Github/VINGS-Mono-BA/output/exp_agz_s5600_200f,/home/philipp/Dokumente/Github/VINGS-Mono-BA/output/exp_agz_s5600_200f/06-12-21-22-generic_vo-agz_s5600_200f_mapskip_10-,OK,0,0.18,1.28,687,0,0,200,200,10,1,2.4,none,,0,,,,,0,,,,,,,,,4.0,7.34,5.65,7.28,0.01,,,,,/home/philipp/Dokumente/Github/VINGS-Mono-BA/output/exp_agz_s5600_200f/06-12-21-22-generic_vo-agz_s5600_200f_mapskip_10-/run_20260612_152250.log,
1781270597,1781270608,agz,mapskip,mapskip_5,configs/local/agz/s5600_200f/mapskip/agz_s5600_200f_mapskip_5.yaml,/home/philipp/Dokumente/Github/VINGS-Mono-BA/output/exp_agz_s5600_200f,/home/philipp/Dokumente/Github/VINGS-Mono-BA/output/exp_agz_s5600_200f/06-12-21-23-generic_vo-agz_s5600_200f_mapskip_5-,OK,0,0.18,1.28,555,0,0,200,200,5,1,2.4,none,,0,,,,,0,,,,,,,,,3.5,6.92,5.28,6.87,0.01,,,,,/home/philipp/Dokumente/Github/VINGS-Mono-BA/output/exp_agz_s5600_200f/06-12-21-23-generic_vo-agz_s5600_200f_mapskip_5-/run_20260612_152317.log,
1781270624,1781270635,agz,mapskip,mapskip_3,configs/local/agz/s5600_200f/mapskip/agz_s5600_200f_mapskip_3.yaml,/home/philipp/Dokumente/Github/VINGS-Mono-BA/output/exp_agz_s5600_200f,/home/philipp/Dokumente/Github/VINGS-Mono-BA/output/exp_agz_s5600_200f/06-12-21-23-generic_vo-agz_s5600_200f_mapskip_3-,OK,0,0.18,1.28,555,0,0,200,200,3,1,2.4,none,,0,,,,,0,,,,,,,,,3.5,6.9,5.38,6.85,0.01,,,,,/home/philipp/Dokumente/Github/VINGS-Mono-BA/output/exp_agz_s5600_200f/06-12-21-23-generic_vo-agz_s5600_200f_mapskip_3-/run_20260612_152344.log,
1781270651,1781270662,agz,mapskip,mapskip_2,configs/local/agz/s5600_200f/mapskip/agz_s5600_200f_mapskip_2.yaml,/home/philipp/Dokumente/Github/VINGS-Mono-BA/output/exp_agz_s5600_200f,/home/philipp/Dokumente/Github/VINGS-Mono-BA/output/exp_agz_s5600_200f/06-12-21-24-generic_vo-agz_s5600_200f_mapskip_2-,OK,0,0.18,1.28,555,0,0,200,200,2,1,2.4,none,,0,,,,,0,,,,,,,,,4.0,7.12,5.67,7.06,0.01,,,,,/home/philipp/Dokumente/Github/VINGS-Mono-BA/output/exp_agz_s5600_200f/06-12-21-24-generic_vo-agz_s5600_200f_mapskip_2-/run_20260612_152411.log,
1781270678,1781270689,agz,mapskip,mapskip_1,configs/local/agz/s5600_200f/mapskip/agz_s5600_200f_mapskip_1.yaml,/home/philipp/Dokumente/Github/VINGS-Mono-BA/output/exp_agz_s5600_200f,/home/philipp/Dokumente/Github/VINGS-Mono-BA/output/exp_agz_s5600_200f/06-12-21-24-generic_vo-agz_s5600_200f_mapskip_1-,OK,0,0.18,1.28,555,0,0,200,200,1,1,2.4,none,,0,,,,,0,,,,,,,,,3.4,6.73,5.16,6.68,0.01,,,,,/home/philipp/Dokumente/Github/VINGS-Mono-BA/output/exp_agz_s5600_200f/06-12-21-24-generic_vo-agz_s5600_200f_mapskip_1-/run_20260612_152439.log,
1781270705,1781270719,agz,skip_no_filter,nofilter_skip_20,configs/local/agz/s5600_200f/skip_no_filter/agz_s5600_200f_nofilter_skip_20.yaml,/home/philipp/Dokumente/Github/VINGS-Mono-BA/output/exp_agz_s5600_200f,/home/philipp/Dokumente/Github/VINGS-Mono-BA/output/exp_agz_s5600_200f/06-12-21-25-generic_vo-agz_s5600_200f_nofilter_skip_20-,OK,0,0.23,2.1,1591,2,2,10,200,1,20,-1.0,none,30.13,1,199,23.451,0.7462,0.2996,2,0.24034125727383765,0.22663393198143195,10,10,22.8151,0.6821,0.2049,20,5.7,186.48,308.18,48.55,137.87,857.2,796.32,751.53,,/home/philipp/Dokumente/Github/VINGS-Mono-BA/output/exp_agz_s5600_200f/06-12-21-25-generic_vo-agz_s5600_200f_nofilter_skip_20-/run_20260612_152506.log,
1781270736,1781270757,agz,skip_no_filter,nofilter_skip_10,configs/local/agz/s5600_200f/skip_no_filter/agz_s5600_200f_nofilter_skip_10.yaml,/home/philipp/Dokumente/Github/VINGS-Mono-BA/output/exp_agz_s5600_200f,/home/philipp/Dokumente/Github/VINGS-Mono-BA/output/exp_agz_s5600_200f/06-12-21-25-generic_vo-agz_s5600_200f_nofilter_skip_10-,OK,0,0.35,2.11,1943,12,12,20,200,1,10,-1.0,none,71.82,1,199,15.4984,0.4125,0.6703,6,0.23716953090715975,0.22306676729435299,20,20,17.3508,0.4564,0.5426,20,13.2,224.66,314.2,27.12,197.49,521.05,748.62,638.44,,/home/philipp/Dokumente/Github/VINGS-Mono-BA/output/exp_agz_s5600_200f/06-12-21-25-generic_vo-agz_s5600_200f_nofilter_skip_10-/run_20260612_152536.log,
1781270773,1781270816,agz,skip_no_filter,nofilter_skip_5,configs/local/agz/s5600_200f/skip_no_filter/agz_s5600_200f_nofilter_skip_5.yaml,/home/philipp/Dokumente/Github/VINGS-Mono-BA/output/exp_agz_s5600_200f,/home/philipp/Dokumente/Github/VINGS-Mono-BA/output/exp_agz_s5600_200f/06-12-21-26-generic_vo-agz_s5600_200f_nofilter_skip_5-,OK,0,0.72,2.11,2189,32,32,40,200,1,5,-1.0,none,186.95,1,199,19.409,0.5249,0.5486,20,0.23650698072648194,0.22047717270326336,40,40,17.6124,0.4279,0.53,20,33.7,235.88,315.86,17.29,218.53,660.83,821.47,681.87,,/home/philipp/Dokumente/Github/VINGS-Mono-BA/output/exp_agz_s5600_200f/06-12-21-26-generic_vo-agz_s5600_200f_nofilter_skip_5-/run_20260612_152614.log,
1781270832,1781270959,agz,skip_no_filter,nofilter_skip_3,configs/local/agz/s5600_200f/skip_no_filter/agz_s5600_200f_nofilter_skip_3.yaml,/home/philipp/Dokumente/Github/VINGS-Mono-BA/output/exp_agz_s5600_200f,/home/philipp/Dokumente/Github/VINGS-Mono-BA/output/exp_agz_s5600_200f/06-12-21-27-generic_vo-agz_s5600_200f_nofilter_skip_3-,OK,0,2.12,2.11,8719,59,59,67,200,1,3,-1.0,none,270.99,1,199,21.0345,0.5913,0.4417,38,0.23688960389118527,0.22243768517945092,67,67,16.3315,0.325,0.4336,20,116.8,240.1,283.99,12.47,227.58,1622.8,2617.43,1683.22,,/home/philipp/Dokumente/Github/VINGS-Mono-BA/output/exp_agz_s5600_200f/06-12-21-27-generic_vo-agz_s5600_200f_nofilter_skip_3-/run_20260612_152713.log,
1781270976,1781271127,agz,skip_no_filter,nofilter_skip_2,configs/local/agz/s5600_200f/skip_no_filter/agz_s5600_200f_nofilter_skip_2.yaml,/home/philipp/Dokumente/Github/VINGS-Mono-BA/output/exp_agz_s5600_200f,/home/philipp/Dokumente/Github/VINGS-Mono-BA/output/exp_agz_s5600_200f/06-12-21-29-generic_vo-agz_s5600_200f_nofilter_skip_2-,OK,0,2.52,2.11,8801,92,92,100,200,1,2,-1.0,none,487.84,1,199,20.3478,0.5443,0.4881,60,0.23360519066522112,0.21867646737779456,100,100,15.9942,0.3389,0.482,20,140.0,248.14,284.71,10.5,237.58,1180.63,1949.7,1197.09,,/home/philipp/Dokumente/Github/VINGS-Mono-BA/output/exp_agz_s5600_200f/06-12-21-29-generic_vo-agz_s5600_200f_nofilter_skip_2-/run_20260612_152936.log,
1781271144,1781271290,agz,skip_no_filter,nofilter_skip_1,configs/local/agz/s5600_200f/skip_no_filter/agz_s5600_200f_nofilter_skip_1.yaml,/home/philipp/Dokumente/Github/VINGS-Mono-BA/output/exp_agz_s5600_200f,/home/philipp/Dokumente/Github/VINGS-Mono-BA/output/exp_agz_s5600_200f/06-12-21-32-generic_vo-agz_s5600_200f_nofilter_skip_1-,FAIL,143,2.43,,,70,70,78,200,1,1,-1.0,none,219.02,1,57,,,,,,,,,,,,,129.4,242.4,285.68,11.81,230.54,1543.96,2756.31,1602.87,,,
1781271306,1781271398,agz,adaptive_kf,adaptive_kf,configs/local/agz/s5600_200f/adaptive_kf/agz_s5600_200f_adaptive_kf.yaml,/home/philipp/Dokumente/Github/VINGS-Mono-BA/output/exp_agz_s5600_200f,/home/philipp/Dokumente/Github/VINGS-Mono-BA/output/exp_agz_s5600_200f/06-12-21-35-generic_vo-agz_s5600_200f_adaptive_kf-,OK,0,1.53,2.13,3841,192,21,200,200,1,1,-1.0,adaptive_kf,108.91,1,199,21.67,0.6311,0.4394,20,0.24123708466815108,0.22436405197630285,200,200,17.0882,0.3882,0.3741,20,82.4,252.51,268.02,10.21,242.24,1058.21,1468.27,1045.26,14.02,/home/philipp/Dokumente/Github/VINGS-Mono-BA/output/exp_agz_s5600_200f/06-12-21-35-generic_vo-agz_s5600_200f_adaptive_kf-/run_20260612_153507.log,
1781271415,1781271520,agz,adaptive_kf,adaptive_kf_decay85,configs/local/agz/s5600_200f/adaptive_kf/agz_s5600_200f_adaptive_kf_decay85.yaml,/home/philipp/Dokumente/Github/VINGS-Mono-BA/output/exp_agz_s5600_200f,/home/philipp/Dokumente/Github/VINGS-Mono-BA/output/exp_agz_s5600_200f/06-12-21-36-generic_vo-agz_s5600_200f_adaptive_kf_decay85-,OK,0,1.75,2.12,5435,192,21,200,200,1,1,-1.0,adaptive_kf,109.48,1,199,21.5518,0.6257,0.4465,20,0.23796575898239922,0.22196286794254655,200,200,16.8161,0.3984,0.3862,20,96.2,323.88,743.06,10.53,313.29,1024.78,1379.6,1010.03,13.78,/home/philipp/Dokumente/Github/VINGS-Mono-BA/output/exp_agz_s5600_200f/06-12-21-36-generic_vo-agz_s5600_200f_adaptive_kf_decay85-/run_20260612_153655.log,
1781271537,1781271666,agz,adaptive_kf,adaptive_kf_sens1,configs/local/agz/s5600_200f/adaptive_kf/agz_s5600_200f_adaptive_kf_sens1.yaml,/home/philipp/Dokumente/Github/VINGS-Mono-BA/output/exp_agz_s5600_200f,/home/philipp/Dokumente/Github/VINGS-Mono-BA/output/exp_agz_s5600_200f/06-12-21-39-generic_vo-agz_s5600_200f_adaptive_kf_sens1-,OK,0,2.15,2.11,7303,192,42,200,200,1,1,-1.0,adaptive_kf,209.47,1,199,20.8721,0.5868,0.4444,39,0.23902213393254854,0.22140795514504835,200,200,14.9103,0.2656,0.4816,20,118.9,249.94,265.17,9.78,240.1,1410.73,2163.02,1383.27,13.37,/home/philipp/Dokumente/Github/VINGS-Mono-BA/output/exp_agz_s5600_200f/06-12-21-39-generic_vo-agz_s5600_200f_adaptive_kf_sens1-/run_20260612_153857.log,
1781271682,1781271752,agz,adaptive_kf,adaptive_kf_sens3,configs/local/agz/s5600_200f/adaptive_kf/agz_s5600_200f_adaptive_kf_sens3.yaml,/home/philipp/Dokumente/Github/VINGS-Mono-BA/output/exp_agz_s5600_200f,/home/philipp/Dokumente/Github/VINGS-Mono-BA/output/exp_agz_s5600_200f/06-12-21-41-generic_vo-agz_s5600_200f_adaptive_kf_sens3-,OK,0,1.17,2.11,2049,192,2,200,200,1,1,-1.0,adaptive_kf,29.0,1,199,20.7721,0.5768,0.5299,2,0.2379768928474579,0.22066012917949415,200,200,17.6173,0.3905,0.5021,20,61.6,253.21,265.75,11.22,241.92,839.85,690.85,729.51,10.21,/home/philipp/Dokumente/Github/VINGS-Mono-BA/output/exp_agz_s5600_200f/06-12-21-41-generic_vo-agz_s5600_200f_adaptive_kf_sens3-/run_20260612_154123.log,
1781271768,1781271919,agz,aim,aim,configs/local/agz/s5600_200f/aim/agz_s5600_200f_aim.yaml,/home/philipp/Dokumente/Github/VINGS-Mono-BA/output/exp_agz_s5600_200f,/home/philipp/Dokumente/Github/VINGS-Mono-BA/output/exp_agz_s5600_200f/06-12-21-42-generic_vo-agz_s5600_200f_aim-,FAIL,1,2.52,2.02,8891,100,50,108,200,1,1,-1.0,aim_slam,236.7,1,106,20.9134,0.6005,0.4443,48,,,,,,,,,112.6,243.19,274.84,10.48,232.65,1645.21,2464.69,1630.44,12.38,/home/philipp/Dokumente/Github/VINGS-Mono-BA/output/exp_agz_s5600_200f/06-12-21-42-generic_vo-agz_s5600_200f_aim-/run_20260612_154248.log,
1781271936,1781272068,agz,aim,aim_gain030,configs/local/agz/s5600_200f/aim/agz_s5600_200f_aim_gain030.yaml,/home/philipp/Dokumente/Github/VINGS-Mono-BA/output/exp_agz_s5600_200f,/home/philipp/Dokumente/Github/VINGS-Mono-BA/output/exp_agz_s5600_200f/06-12-21-45-generic_vo-agz_s5600_200f_aim_gain030-,FAIL,1,2.2,2.01,9153,90,47,98,200,1,1,-1.0,aim_slam,234.8,1,101,21.2578,0.6186,0.4319,40,,,,,,,,,106.4,321.15,965.53,11.57,309.52,1524.14,2419.26,1504.79,13.01,/home/philipp/Dokumente/Github/VINGS-Mono-BA/output/exp_agz_s5600_200f/06-12-21-45-generic_vo-agz_s5600_200f_aim_gain030-/run_20260612_154536.log,
1781272084,1781272174,agz,aim,aim_ovl055,configs/local/agz/s5600_200f/aim/agz_s5600_200f_aim_ovl055.yaml,/home/philipp/Dokumente/Github/VINGS-Mono-BA/output/exp_agz_s5600_200f,/home/philipp/Dokumente/Github/VINGS-Mono-BA/output/exp_agz_s5600_200f/06-12-21-48-generic_vo-agz_s5600_200f_aim_ovl055-,FAIL,1,1.5,1.75,7738,80,39,88,200,1,1,-1.0,aim_slam,,0,,21.4119,0.6198,0.4407,29,,,,,,,,,78.0,318.93,835.48,12.11,306.76,1204.6,1617.69,1186.03,13.0,/home/philipp/Dokumente/Github/VINGS-Mono-BA/output/exp_agz_s5600_200f/06-12-21-48-generic_vo-agz_s5600_200f_aim_ovl055-/run_20260612_154805.log,
1781272190,1781272409,agz,aim,aim_ovl085,configs/local/agz/s5600_200f/aim/agz_s5600_200f_aim_ovl085.yaml,/home/philipp/Dokumente/Github/VINGS-Mono-BA/output/exp_agz_s5600_200f,/home/philipp/Dokumente/Github/VINGS-Mono-BA/output/exp_agz_s5600_200f/06-12-21-49-generic_vo-agz_s5600_200f_aim_ovl085-,FAIL,1,3.65,2.01,9131,140,77,148,200,1,1,-1.0,aim_slam,230.71,1,108,20.9921,0.5973,0.4346,65,,,,,,,,,204.5,246.54,258.93,9.72,236.77,2109.39,3317.89,2077.07,12.43,/home/philipp/Dokumente/Github/VINGS-Mono-BA/output/exp_agz_s5600_200f/06-12-21-49-generic_vo-agz_s5600_200f_aim_ovl085-/run_20260612_154951.log,
1781272426,1781272495,agz,coko,coko,configs/local/agz/s5600_200f/coko/agz_s5600_200f_coko.yaml,/home/philipp/Dokumente/Github/VINGS-Mono-BA/output/exp_agz_s5600_200f,/home/philipp/Dokumente/Github/VINGS-Mono-BA/output/exp_agz_s5600_200f/06-12-21-53-generic_vo-agz_s5600_200f_coko-,OK,0,1.15,2.19,2581,192,5,200,200,1,1,-1.0,coko_slam,43.65,1,199,21.4729,0.6021,0.4783,5,0.238999007669766,0.22100588181479877,200,200,18.6626,0.436,0.382,20,60.6,245.84,256.47,8.59,237.19,875.98,896.23,806.59,5.8,/home/philipp/Dokumente/Github/VINGS-Mono-BA/output/exp_agz_s5600_200f/06-12-21-53-generic_vo-agz_s5600_200f_coko-/run_20260612_155346.log,
1781272512,1781272663,agz,coko,coko_a005,configs/local/agz/s5600_200f/coko/agz_s5600_200f_coko_a005.yaml,/home/philipp/Dokumente/Github/VINGS-Mono-BA/output/exp_agz_s5600_200f,/home/philipp/Dokumente/Github/VINGS-Mono-BA/output/exp_agz_s5600_200f/06-12-21-55-generic_vo-agz_s5600_200f_coko_a005-,FAIL,1,2.52,1.99,9567,120,55,128,200,1,1,-1.0,coko_slam,244.94,1,114,21.0053,0.5999,0.4475,51,,,,,,,,,126.1,245.71,261.23,9.87,235.78,1644.9,2679.13,1596.87,6.11,/home/philipp/Dokumente/Github/VINGS-Mono-BA/output/exp_agz_s5600_200f/06-12-21-55-generic_vo-agz_s5600_200f_coko_a005-/run_20260612_155512.log,
1781272680,1781272746,agz,coko,coko_a050,configs/local/agz/s5600_200f/coko/agz_s5600_200f_coko_a050.yaml,/home/philipp/Dokumente/Github/VINGS-Mono-BA/output/exp_agz_s5600_200f,/home/philipp/Dokumente/Github/VINGS-Mono-BA/output/exp_agz_s5600_200f/06-12-21-58-generic_vo-agz_s5600_200f_coko_a050-,OK,0,1.1,2.17,2043,192,1,200,200,1,1,-1.0,coko_slam,24.4,1,199,21.1476,0.565,0.5394,1,0.24166064168715182,0.22359170102644754,200,200,18.6651,0.4204,0.5054,20,57.6,246.84,258.8,8.66,238.13,960.63,960.63,794.04,5.88,/home/philipp/Dokumente/Github/VINGS-Mono-BA/output/exp_agz_s5600_200f/06-12-21-58-generic_vo-agz_s5600_200f_coko_a050-/run_20260612_155800.log,
1781272762,1781272832,agz,coko,coko_st010,configs/local/agz/s5600_200f/coko/agz_s5600_200f_coko_st010.yaml,/home/philipp/Dokumente/Github/VINGS-Mono-BA/output/exp_agz_s5600_200f,/home/philipp/Dokumente/Github/VINGS-Mono-BA/output/exp_agz_s5600_200f/06-12-21-59-generic_vo-agz_s5600_200f_coko_st010-,OK,0,1.17,2.18,2231,192,5,200,200,1,1,-1.0,coko_slam,43.24,1,199,21.5286,0.6102,0.4671,5,0.23575355169715942,0.21910988209827714,200,200,18.5647,0.4346,0.3632,20,60.7,244.88,255.82,8.45,236.37,925.87,977.97,857.71,5.8,/home/philipp/Dokumente/Github/VINGS-Mono-BA/output/exp_agz_s5600_200f/06-12-21-59-generic_vo-agz_s5600_200f_coko_st010-/run_20260612_155923.log,
1781272848,1781272914,agz,game,game,configs/local/agz/s5600_200f/game/agz_s5600_200f_game.yaml,/home/philipp/Dokumente/Github/VINGS-Mono-BA/output/exp_agz_s5600_200f,/home/philipp/Dokumente/Github/VINGS-Mono-BA/output/exp_agz_s5600_200f/06-12-22-00-generic_vo-agz_s5600_200f_game-,OK,0,1.1,2.2,2099,192,1,200,200,1,1,-1.0,game_kfs,24.4,1,199,21.0208,0.5591,0.5461,1,0.23979830324143628,0.22115630544163864,200,200,19.5763,0.468,0.4734,20,58.1,244.1,253.05,8.69,235.35,936.4,936.4,770.03,12.41,/home/philipp/Dokumente/Github/VINGS-Mono-BA/output/exp_agz_s5600_200f/06-12-22-00-generic_vo-agz_s5600_200f_game-/run_20260612_160048.log,
1781272931,1781273014,agz,game,game_eta05,configs/local/agz/s5600_200f/game/agz_s5600_200f_game_eta05.yaml,/home/philipp/Dokumente/Github/VINGS-Mono-BA/output/exp_agz_s5600_200f,/home/philipp/Dokumente/Github/VINGS-Mono-BA/output/exp_agz_s5600_200f/06-12-22-02-generic_vo-agz_s5600_200f_game_eta05-,OK,0,1.38,2.2,3882,192,1,200,200,1,1,-1.0,game_kfs,24.4,1,199,20.8848,0.5591,0.5433,1,0.23576615546885285,0.21951855566548098,200,200,18.9587,0.4404,0.489,20,75.2,327.39,744.93,9.34,317.99,957.3,957.3,788.65,13.16,/home/philipp/Dokumente/Github/VINGS-Mono-BA/output/exp_agz_s5600_200f/06-12-22-02-generic_vo-agz_s5600_200f_game_eta05-/run_20260612_160211.log,
1781273031,1781273161,agz,game,game_th030,configs/local/agz/s5600_200f/game/agz_s5600_200f_game_th030.yaml,/home/philipp/Dokumente/Github/VINGS-Mono-BA/output/exp_agz_s5600_200f,/home/philipp/Dokumente/Github/VINGS-Mono-BA/output/exp_agz_s5600_200f/06-12-22-03-generic_vo-agz_s5600_200f_game_th030-,FAIL,1,2.17,1.74,9558,150,39,158,200,1,1,-1.0,game_kfs,,0,,21.0397,0.6046,0.444,38,,,,,,,,,112.7,383.84,1026.24,10.22,373.56,1196.94,1740.53,1178.12,13.19,/home/philipp/Dokumente/Github/VINGS-Mono-BA/output/exp_agz_s5600_200f/06-12-22-03-generic_vo-agz_s5600_200f_game_th030-/run_20260612_160351.log,
1781273274,1781273383,agz,game,game_th070,configs/local/agz/s5600_200f/game/agz_s5600_200f_game_th070.yaml,/home/philipp/Dokumente/Github/VINGS-Mono-BA/output/exp_agz_s5600_200f,/home/philipp/Dokumente/Github/VINGS-Mono-BA/output/exp_agz_s5600_200f/06-12-22-07-generic_vo-agz_s5600_200f_game_th070-,OK,0,1.82,2.2,5382,192,1,200,200,1,1,-1.0,game_kfs,24.4,1,199,21.0161,0.5607,0.5401,1,0.2519836066850176,0.23311210940486077,200,200,20.5861,0.5308,0.4442,20,100.3,406.1,1115.56,11.1,394.94,1708.33,1708.33,1514.68,14.21,/home/philipp/Dokumente/Github/VINGS-Mono-BA/output/exp_agz_s5600_200f/06-12-22-07-generic_vo-agz_s5600_200f_game_th070-/run_20260612_160754.log,
1781273494,1781273592,agz,mm3dgs,mm3dgs,configs/local/agz/s5600_200f/mm3dgs/agz_s5600_200f_mm3dgs.yaml,/home/philipp/Dokumente/Github/VINGS-Mono-BA/output/exp_agz_s5600_200f,/home/philipp/Dokumente/Github/VINGS-Mono-BA/output/exp_agz_s5600_200f/06-12-22-11-generic_vo-agz_s5600_200f_mm3dgs-,OK,0,1.63,2.11,5491,192,5,200,200,1,1,-1.0,mm3dgs,43.24,1,199,21.8048,0.6208,0.4637,5,0.2389201584237734,0.22215500252426118,200,200,19.1257,0.4786,0.3776,20,89.5,354.05,1178.19,9.5,344.49,1035.47,952.66,964.94,1.66,/home/philipp/Dokumente/Github/VINGS-Mono-BA/output/exp_agz_s5600_200f/06-12-22-11-generic_vo-agz_s5600_200f_mm3dgs-/run_20260612_161134.log,
1781273610,1781273674,agz,mm3dgs,mm3dgs_c85,configs/local/agz/s5600_200f/mm3dgs/agz_s5600_200f_mm3dgs_c85.yaml,/home/philipp/Dokumente/Github/VINGS-Mono-BA/output/exp_agz_s5600_200f,/home/philipp/Dokumente/Github/VINGS-Mono-BA/output/exp_agz_s5600_200f/06-12-22-13-generic_vo-agz_s5600_200f_mm3dgs_c85-,OK,0,1.07,2.1,1845,192,1,200,200,1,1,-1.0,mm3dgs,24.4,1,199,21.0605,0.5646,0.521,1,0.24011823771350743,0.22325789266320037,200,200,20.3047,0.5158,0.4364,20,56.2,245.46,258.29,8.72,236.68,957.7,957.7,790.95,1.55,/home/philipp/Dokumente/Github/VINGS-Mono-BA/output/exp_agz_s5600_200f/06-12-22-13-generic_vo-agz_s5600_200f_mm3dgs_c85-/run_20260612_161331.log,
1781273691,1781273772,agz,mm3dgs,mm3dgs_c99,configs/local/agz/s5600_200f/mm3dgs/agz_s5600_200f_mm3dgs_c99.yaml,/home/philipp/Dokumente/Github/VINGS-Mono-BA/output/exp_agz_s5600_200f,/home/philipp/Dokumente/Github/VINGS-Mono-BA/output/exp_agz_s5600_200f/06-12-22-14-generic_vo-agz_s5600_200f_mm3dgs_c99-,OK,0,1.35,2.11,3505,192,17,200,200,1,1,-1.0,mm3dgs,97.0,1,199,21.6081,0.6218,0.4333,17,0.2415246528179038,0.22444718056877466,200,200,17.6079,0.4206,0.3917,20,72.8,245.62,256.25,8.77,236.79,1008.6,1261.3,959.79,1.51,/home/philipp/Dokumente/Github/VINGS-Mono-BA/output/exp_agz_s5600_200f/06-12-22-14-generic_vo-agz_s5600_200f_mm3dgs_c99-/run_20260612_161451.log,
1781273789,1781273854,agz,mm3dgs,mm3dgs_gap10,configs/local/agz/s5600_200f/mm3dgs/agz_s5600_200f_mm3dgs_gap10.yaml,/home/philipp/Dokumente/Github/VINGS-Mono-BA/output/exp_agz_s5600_200f,/home/philipp/Dokumente/Github/VINGS-Mono-BA/output/exp_agz_s5600_200f/06-12-22-16-generic_vo-agz_s5600_200f_mm3dgs_gap10-,OK,0,1.08,2.11,2029,192,3,200,200,1,1,-1.0,mm3dgs,34.48,1,199,21.6015,0.598,0.4953,3,0.23947673776582173,0.22234823708989612,200,200,19.5031,0.5015,0.368,20,57.5,243.56,253.97,8.76,234.75,843.37,796.55,758.58,1.46,/home/philipp/Dokumente/Github/VINGS-Mono-BA/output/exp_agz_s5600_200f/06-12-22-16-generic_vo-agz_s5600_200f_mm3dgs_gap10-/run_20260612_161629.log,
1781273870,1781274001,agz,nurbs,nurbs,configs/local/agz/s5600_200f/nurbs/agz_s5600_200f_nurbs.yaml,/home/philipp/Dokumente/Github/VINGS-Mono-BA/output/exp_agz_s5600_200f,/home/philipp/Dokumente/Github/VINGS-Mono-BA/output/exp_agz_s5600_200f/06-12-22-17-generic_vo-agz_s5600_200f_nurbs-,OK,0,2.18,2.2,7993,192,39,200,200,1,1,-1.0,nurbs_lvi,201.86,1,199,20.8421,0.5885,0.4498,35,0.23988826333128915,0.22258051110162802,200,200,14.4102,0.2579,0.4763,20,121.0,245.52,255.56,8.71,236.75,1544.91,2203.12,1496.9,26.94,/home/philipp/Dokumente/Github/VINGS-Mono-BA/output/exp_agz_s5600_200f/06-12-22-17-generic_vo-agz_s5600_200f_nurbs-/run_20260612_161750.log,
1781274017,1781274136,agz,nurbs,nurbs_orb400,configs/local/agz/s5600_200f/nurbs/agz_s5600_200f_nurbs_orb400.yaml,/home/philipp/Dokumente/Github/VINGS-Mono-BA/output/exp_agz_s5600_200f,/home/philipp/Dokumente/Github/VINGS-Mono-BA/output/exp_agz_s5600_200f/06-12-22-20-generic_vo-agz_s5600_200f_nurbs_orb400-,OK,0,1.98,2.21,6999,192,34,200,200,1,1,-1.0,nurbs_lvi,178.52,1,199,20.6772,0.5853,0.4498,33,0.24043060311597977,0.2222329082571887,200,200,13.4456,0.2118,0.5079,20,108.5,245.37,257.08,8.7,236.61,1469.1,2212.14,1420.42,14.87,/home/philipp/Dokumente/Github/VINGS-Mono-BA/output/exp_agz_s5600_200f/06-12-22-20-generic_vo-agz_s5600_200f_nurbs_orb400-/run_20260612_162018.log,
1781274152,1781274308,agz,nurbs,nurbs_sec1,configs/local/agz/s5600_200f/nurbs/agz_s5600_200f_nurbs_sec1.yaml,/home/philipp/Dokumente/Github/VINGS-Mono-BA/output/exp_agz_s5600_200f,/home/philipp/Dokumente/Github/VINGS-Mono-BA/output/exp_agz_s5600_200f/06-12-22-22-generic_vo-agz_s5600_200f_nurbs_sec1-,FAIL,1,2.6,2.02,8875,150,59,158,200,1,1,-1.0,nurbs_lvi,243.46,1,134,20.5507,0.57,0.456,48,,,,,,,,,145.6,243.69,254.43,9.3,234.34,1686.92,2722.26,1668.2,24.99,/home/philipp/Dokumente/Github/VINGS-Mono-BA/output/exp_agz_s5600_200f/06-12-22-22-generic_vo-agz_s5600_200f_nurbs_sec1-/run_20260612_162233.log,
1781274325,1781274398,agz,nurbs,nurbs_sec5,configs/local/agz/s5600_200f/nurbs/agz_s5600_200f_nurbs_sec5.yaml,/home/philipp/Dokumente/Github/VINGS-Mono-BA/output/exp_agz_s5600_200f,/home/philipp/Dokumente/Github/VINGS-Mono-BA/output/exp_agz_s5600_200f/06-12-22-25-generic_vo-agz_s5600_200f_nurbs_sec5-,OK,0,1.22,2.2,2779,192,6,200,200,1,1,-1.0,nurbs_lvi,52.52,1,199,21.4367,0.6218,0.4774,6,0.2464047017268049,0.22649125885569377,200,200,16.7179,0.33,0.5209,20,65.0,243.03,253.98,8.65,234.32,930.03,1015.31,861.07,25.76,/home/philipp/Dokumente/Github/VINGS-Mono-BA/output/exp_agz_s5600_200f/06-12-22-25-generic_vo-agz_s5600_200f_nurbs_sec5-/run_20260612_162525.log,
1781274415,1781274491,agz,orbslam,orbslam,configs/local/agz/s5600_200f/orbslam/agz_s5600_200f_orbslam.yaml,/home/philipp/Dokumente/Github/VINGS-Mono-BA/output/exp_agz_s5600_200f,/home/philipp/Dokumente/Github/VINGS-Mono-BA/output/exp_agz_s5600_200f/06-12-22-26-generic_vo-agz_s5600_200f_orbslam-,OK,0,1.27,2.2,3459,192,11,200,200,1,1,-1.0,orbslam3,65.12,1,199,22.7154,0.6802,0.3868,10,0.23189022225879005,0.2158369431132337,200,200,17.8186,0.391,0.3333,20,67.1,244.02,253.55,8.61,235.36,981.58,1126.99,930.13,7.23,/home/philipp/Dokumente/Github/VINGS-Mono-BA/output/exp_agz_s5600_200f/06-12-22-26-generic_vo-agz_s5600_200f_orbslam-/run_20260612_162655.log,
1781274507,1781274588,agz,orbslam,orbslam_max15,configs/local/agz/s5600_200f/orbslam/agz_s5600_200f_orbslam_max15.yaml,/home/philipp/Dokumente/Github/VINGS-Mono-BA/output/exp_agz_s5600_200f,/home/philipp/Dokumente/Github/VINGS-Mono-BA/output/exp_agz_s5600_200f/06-12-22-28-generic_vo-agz_s5600_200f_orbslam_max15-,OK,0,1.35,2.21,3527,192,15,200,200,1,1,-1.0,orbslam3,80.65,1,199,22.3899,0.6631,0.3965,15,0.2483723389633163,0.2328845883465569,200,200,18.1441,0.4185,0.3381,20,72.2,243.99,254.9,8.55,235.38,1059.82,1267.66,1012.0,7.17,/home/philipp/Dokumente/Github/VINGS-Mono-BA/output/exp_agz_s5600_200f/06-12-22-28-generic_vo-agz_s5600_200f_orbslam_max15-/run_20260612_162827.log,
1781274605,1781274675,agz,orbslam,orbslam_max60,configs/local/agz/s5600_200f/orbslam/agz_s5600_200f_orbslam_max60.yaml,/home/philipp/Dokumente/Github/VINGS-Mono-BA/output/exp_agz_s5600_200f,/home/philipp/Dokumente/Github/VINGS-Mono-BA/output/exp_agz_s5600_200f/06-12-22-30-generic_vo-agz_s5600_200f_orbslam_max60-,OK,0,1.17,2.2,2963,192,7,200,200,1,1,-1.0,orbslam3,51.21,1,199,22.307,0.6605,0.4149,5,0.23418494197057804,0.21743427566837667,200,200,17.5532,0.3885,0.3657,20,62.4,242.85,252.49,8.58,234.23,919.54,959.64,860.61,7.1,/home/philipp/Dokumente/Github/VINGS-Mono-BA/output/exp_agz_s5600_200f/06-12-22-30-generic_vo-agz_s5600_200f_orbslam_max60-/run_20260612_163005.log,
1781274692,1781274757,agz,orbslam,orbslam_ratio80,configs/local/agz/s5600_200f/orbslam/agz_s5600_200f_orbslam_ratio80.yaml,/home/philipp/Dokumente/Github/VINGS-Mono-BA/output/exp_agz_s5600_200f,/home/philipp/Dokumente/Github/VINGS-Mono-BA/output/exp_agz_s5600_200f/06-12-22-31-generic_vo-agz_s5600_200f_orbslam_ratio80-,OK,0,1.08,2.2,2229,192,1,200,200,1,1,-1.0,orbslam3,24.4,1,199,20.958,0.5604,0.5459,1,0.23892389382813978,0.22107622263192023,200,200,20.2305,0.5165,0.4501,20,57.1,243.88,253.22,8.64,235.19,988.33,988.33,820.65,7.15,/home/philipp/Dokumente/Github/VINGS-Mono-BA/output/exp_agz_s5600_200f/06-12-22-31-generic_vo-agz_s5600_200f_orbslam_ratio80-/run_20260612_163132.log,
1781274773,1781274839,agz,two_gate,two_gate,configs/local/agz/s5600_200f/two_gate/agz_s5600_200f_two_gate.yaml,/home/philipp/Dokumente/Github/VINGS-Mono-BA/output/exp_agz_s5600_200f,/home/philipp/Dokumente/Github/VINGS-Mono-BA/output/exp_agz_s5600_200f/06-12-22-32-generic_vo-agz_s5600_200f_two_gate-,OK,0,1.1,2.17,2087,192,2,200,200,1,1,-1.0,two_gate,30.47,1,199,21.633,0.6027,0.4926,2,0.23737456958465492,0.2207366091750596,200,200,17.6539,0.3578,0.4015,20,57.6,243.86,253.72,8.36,235.45,848.98,742.75,740.9,6.12,/home/philipp/Dokumente/Github/VINGS-Mono-BA/output/exp_agz_s5600_200f/06-12-22-32-generic_vo-agz_s5600_200f_two_gate-/run_20260612_163253.log,
1781274855,1781274919,agz,two_gate,two_gate_b2only,configs/local/agz/s5600_200f/two_gate/agz_s5600_200f_two_gate_b2only.yaml,/home/philipp/Dokumente/Github/VINGS-Mono-BA/output/exp_agz_s5600_200f,/home/philipp/Dokumente/Github/VINGS-Mono-BA/output/exp_agz_s5600_200f/06-12-22-34-generic_vo-agz_s5600_200f_two_gate_b2only-,OK,0,1.07,2.12,2021,192,2,200,200,1,1,-1.0,two_gate,29.81,1,199,21.2335,0.5944,0.4985,2,0.23586633878961819,0.2189443350505398,200,200,19.4885,0.5022,0.3715,20,56.5,243.14,254.86,8.65,234.43,855.21,743.67,749.68,1.17,/home/philipp/Dokumente/Github/VINGS-Mono-BA/output/exp_agz_s5600_200f/06-12-22-34-generic_vo-agz_s5600_200f_two_gate_b2only-/run_20260612_163416.log,
1781274936,1781275003,agz,two_gate,two_gate_loose,configs/local/agz/s5600_200f/two_gate/agz_s5600_200f_two_gate_loose.yaml,/home/philipp/Dokumente/Github/VINGS-Mono-BA/output/exp_agz_s5600_200f,/home/philipp/Dokumente/Github/VINGS-Mono-BA/output/exp_agz_s5600_200f/06-12-22-35-generic_vo-agz_s5600_200f_two_gate_loose-,OK,0,1.12,2.18,1997,192,2,200,200,1,1,-1.0,two_gate,29.75,1,199,21.4757,0.5928,0.502,2,0.23638568419285352,0.2204708609871662,200,200,19.8718,0.5073,0.3794,20,58.0,245.71,259.51,8.73,236.93,833.74,683.02,724.77,6.21,/home/philipp/Dokumente/Github/VINGS-Mono-BA/output/exp_agz_s5600_200f/06-12-22-35-generic_vo-agz_s5600_200f_two_gate_loose-/run_20260612_163536.log,
1781275020,1781275087,agz,two_gate,two_gate_strict,configs/local/agz/s5600_200f/two_gate/agz_s5600_200f_two_gate_strict.yaml,/home/philipp/Dokumente/Github/VINGS-Mono-BA/output/exp_agz_s5600_200f,/home/philipp/Dokumente/Github/VINGS-Mono-BA/output/exp_agz_s5600_200f/06-12-22-37-generic_vo-agz_s5600_200f_two_gate_strict-,OK,0,1.12,2.17,2069,192,2,200,200,1,1,-1.0,two_gate,29.62,1,199,21.4291,0.6022,0.4842,2,0.24508723444146802,0.2270127293532378,200,200,19.6101,0.5106,0.3602,20,58.2,245.8,257.84,8.47,237.27,870.17,785.75,761.68,6.23,/home/philipp/Dokumente/Github/VINGS-Mono-BA/output/exp_agz_s5600_200f/06-12-22-37-generic_vo-agz_s5600_200f_two_gate_strict-/run_20260612_163700.log,
1781275103,1781275113,agz,two_gate_v2,two_gate_v2,configs/local/agz/s5600_200f/two_gate_v2/agz_s5600_200f_two_gate_v2.yaml,/home/philipp/Dokumente/Github/VINGS-Mono-BA/output/exp_agz_s5600_200f,/home/philipp/Dokumente/Github/VINGS-Mono-BA/output/exp_agz_s5600_200f/06-12-22-38-generic_vo-agz_s5600_200f_two_gate_v2-,OK,0,0.17,1.32,647,0,0,2,200,1,1,-1.0,two_gate_v2,,0,,,,,0,,,,,,,,,2.5,187.17,130.99,187.11,0.01,,,,,/home/philipp/Dokumente/Github/VINGS-Mono-BA/output/exp_agz_s5600_200f/06-12-22-38-generic_vo-agz_s5600_200f_two_gate_v2-/run_20260612_163823.log,
1781275129,1781275139,agz,two_gate_v2,two_gate_v2_a3_loose_b1gps,configs/local/agz/s5600_200f/two_gate_v2/agz_s5600_200f_two_gate_v2_a3_loose_b1gps.yaml,/home/philipp/Dokumente/Github/VINGS-Mono-BA/output/exp_agz_s5600_200f,/home/philipp/Dokumente/Github/VINGS-Mono-BA/output/exp_agz_s5600_200f/06-12-22-38-generic_vo-agz_s5600_200f_two_gate_v2_a3_loose_b1gps-,OK,0,0.17,1.33,643,0,0,4,200,1,1,-1.0,two_gate_v2,,0,,,,,0,,,,,,,,,2.6,100.67,136.2,100.61,0.01,,,,,/home/philipp/Dokumente/Github/VINGS-Mono-BA/output/exp_agz_s5600_200f/06-12-22-38-generic_vo-agz_s5600_200f_two_gate_v2_a3_loose_b1gps-/run_20260612_163850.log,
1781275155,1781275165,agz,two_gate_v2,two_gate_v2_a3_loose,configs/local/agz/s5600_200f/two_gate_v2/agz_s5600_200f_two_gate_v2_a3_loose.yaml,/home/philipp/Dokumente/Github/VINGS-Mono-BA/output/exp_agz_s5600_200f,/home/philipp/Dokumente/Github/VINGS-Mono-BA/output/exp_agz_s5600_200f/06-12-22-39-generic_vo-agz_s5600_200f_two_gate_v2_a3_loose-,OK,0,0.17,1.32,643,0,0,4,200,1,1,-1.0,two_gate_v2,,0,,,,,0,,,,,,,,,2.6,97.53,131.09,97.46,0.01,,,,,/home/philipp/Dokumente/Github/VINGS-Mono-BA/output/exp_agz_s5600_200f/06-12-22-39-generic_vo-agz_s5600_200f_two_gate_v2_a3_loose-/run_20260612_163916.log,
1781275181,1781275248,agz,two_gate_v2,two_gate_v2_a3off,configs/local/agz/s5600_200f/two_gate_v2/agz_s5600_200f_two_gate_v2_a3off.yaml,/home/philipp/Dokumente/Github/VINGS-Mono-BA/output/exp_agz_s5600_200f,/home/philipp/Dokumente/Github/VINGS-Mono-BA/output/exp_agz_s5600_200f/06-12-22-39-generic_vo-agz_s5600_200f_two_gate_v2_a3off-,OK,0,1.12,2.18,2137,192,2,200,200,1,1,-1.0,two_gate_v2,30.38,1,199,21.4745,0.6011,0.5119,2,0.23662538024258564,0.2186705798449634,200,200,17.8279,0.3792,0.4092,20,58.2,243.58,254.66,8.5,235.03,881.1,801.93,773.44,6.13,/home/philipp/Dokumente/Github/VINGS-Mono-BA/output/exp_agz_s5600_200f/06-12-22-39-generic_vo-agz_s5600_200f_two_gate_v2_a3off-/run_20260612_163942.log,
1781275264,1781275274,agz,two_gate_v2,two_gate_v2_a3_strict,configs/local/agz/s5600_200f/two_gate_v2/agz_s5600_200f_two_gate_v2_a3_strict.yaml,/home/philipp/Dokumente/Github/VINGS-Mono-BA/output/exp_agz_s5600_200f,/home/philipp/Dokumente/Github/VINGS-Mono-BA/output/exp_agz_s5600_200f/06-12-22-41-generic_vo-agz_s5600_200f_two_gate_v2_a3_strict-,OK,0,0.17,1.24,611,0,0,1,200,1,1,-1.0,two_gate_v2,,0,,,,,0,,,,,,,,,2.5,255.48,255.48,255.41,0.02,,,,,/home/philipp/Dokumente/Github/VINGS-Mono-BA/output/exp_agz_s5600_200f/06-12-22-41-generic_vo-agz_s5600_200f_two_gate_v2_a3_strict-/run_20260612_164104.log,
1781275290,1781275300,agz,two_gate_v2,two_gate_v2_b1gps,configs/local/agz/s5600_200f/two_gate_v2/agz_s5600_200f_two_gate_v2_b1gps.yaml,/home/philipp/Dokumente/Github/VINGS-Mono-BA/output/exp_agz_s5600_200f,/home/philipp/Dokumente/Github/VINGS-Mono-BA/output/exp_agz_s5600_200f/06-12-22-41-generic_vo-agz_s5600_200f_two_gate_v2_b1gps-,OK,0,0.17,1.33,751,0,0,2,200,1,1,-1.0,two_gate_v2,,0,,,,,0,,,,,,,,,2.7,198.26,137.99,198.19,0.01,,,,,/home/philipp/Dokumente/Github/VINGS-Mono-BA/output/exp_agz_s5600_200f/06-12-22-41-generic_vo-agz_s5600_200f_two_gate_v2_b1gps-/run_20260612_164130.log,
1781275316,1781275326,agz,two_gate_v2,two_gate_v2_b2only,configs/local/agz/s5600_200f/two_gate_v2/agz_s5600_200f_two_gate_v2_b2only.yaml,/home/philipp/Dokumente/Github/VINGS-Mono-BA/output/exp_agz_s5600_200f,/home/philipp/Dokumente/Github/VINGS-Mono-BA/output/exp_agz_s5600_200f/06-12-22-42-generic_vo-agz_s5600_200f_two_gate_v2_b2only-,OK,0,0.17,1.28,665,0,0,2,200,1,1,-1.0,two_gate_v2,,0,,,,,0,,,,,,,,,2.7,220.75,125.22,220.68,0.01,,,,,/home/philipp/Dokumente/Github/VINGS-Mono-BA/output/exp_agz_s5600_200f/06-12-22-42-generic_vo-agz_s5600_200f_two_gate_v2_b2only-/run_20260612_164157.log,
1781275342,1781275352,agz,two_gate_v2,two_gate_v2_loose,configs/local/agz/s5600_200f/two_gate_v2/agz_s5600_200f_two_gate_v2_loose.yaml,/home/philipp/Dokumente/Github/VINGS-Mono-BA/output/exp_agz_s5600_200f,/home/philipp/Dokumente/Github/VINGS-Mono-BA/output/exp_agz_s5600_200f/06-12-22-42-generic_vo-agz_s5600_200f_two_gate_v2_loose-,OK,0,0.17,1.33,643,0,0,2,200,1,1,-1.0,two_gate_v2,,0,,,,,0,,,,,,,,,2.6,195.19,138.19,195.1,0.02,,,,,/home/philipp/Dokumente/Github/VINGS-Mono-BA/output/exp_agz_s5600_200f/06-12-22-42-generic_vo-agz_s5600_200f_two_gate_v2_loose-/run_20260612_164223.log,
1781275368,1781275378,agz,two_gate_v2,two_gate_v2_strict,configs/local/agz/s5600_200f/two_gate_v2/agz_s5600_200f_two_gate_v2_strict.yaml,/home/philipp/Dokumente/Github/VINGS-Mono-BA/output/exp_agz_s5600_200f,/home/philipp/Dokumente/Github/VINGS-Mono-BA/output/exp_agz_s5600_200f/06-12-22-42-generic_vo-agz_s5600_200f_two_gate_v2_strict-,OK,0,0.17,1.32,767,0,0,2,200,1,1,-1.0,two_gate_v2,,0,,,,,0,,,,,,,,,2.6,191.22,136.11,191.15,0.01,,,,,/home/philipp/Dokumente/Github/VINGS-Mono-BA/output/exp_agz_s5600_200f/06-12-22-42-generic_vo-agz_s5600_200f_two_gate_v2_strict-/run_20260612_164249.log,
1781275394,1781275458,agz,vista,vista,configs/local/agz/s5600_200f/vista/agz_s5600_200f_vista.yaml,/home/philipp/Dokumente/Github/VINGS-Mono-BA/output/exp_agz_s5600_200f,/home/philipp/Dokumente/Github/VINGS-Mono-BA/output/exp_agz_s5600_200f/06-12-22-43-generic_vo-agz_s5600_200f_vista-,OK,0,1.07,2.11,1971,192,1,200,200,1,1,-1.0,vista,24.4,1,199,20.8816,0.5572,0.5552,1,0.23962456315703445,0.22227559309727404,200,200,19.2913,0.4556,0.4867,20,55.9,244.44,253.17,8.95,235.43,937.27,937.27,770.21,0.88,/home/philipp/Dokumente/Github/VINGS-Mono-BA/output/exp_agz_s5600_200f/06-12-22-43-generic_vo-agz_s5600_200f_vista-/run_20260612_164315.log,
1781275475,1781275539,agz,vista,vista_g020,configs/local/agz/s5600_200f/vista/agz_s5600_200f_vista_g020.yaml,/home/philipp/Dokumente/Github/VINGS-Mono-BA/output/exp_agz_s5600_200f,/home/philipp/Dokumente/Github/VINGS-Mono-BA/output/exp_agz_s5600_200f/06-12-22-44-generic_vo-agz_s5600_200f_vista_g020-,OK,0,1.07,2.11,1941,192,1,200,200,1,1,-1.0,vista,24.4,1,199,21.1571,0.5662,0.5281,1,0.239504594284732,0.22314890596862647,200,200,20.4159,0.5197,0.4428,20,55.9,244.59,254.31,8.58,235.96,945.18,945.18,779.4,0.87,/home/philipp/Dokumente/Github/VINGS-Mono-BA/output/exp_agz_s5600_200f/06-12-22-44-generic_vo-agz_s5600_200f_vista_g020-/run_20260612_164435.log,
1781275555,1781275619,agz,vista,vista_g040,configs/local/agz/s5600_200f/vista/agz_s5600_200f_vista_g040.yaml,/home/philipp/Dokumente/Github/VINGS-Mono-BA/output/exp_agz_s5600_200f,/home/philipp/Dokumente/Github/VINGS-Mono-BA/output/exp_agz_s5600_200f/06-12-22-46-generic_vo-agz_s5600_200f_vista_g040-,OK,0,1.07,2.12,1977,192,1,200,200,1,1,-1.0,vista,24.4,1,199,20.875,0.5531,0.5533,1,0.23830905031767083,0.22136285710354628,200,200,19.3908,0.4621,0.4787,20,56.0,244.37,260.59,8.78,235.53,949.99,949.99,784.51,0.87,/home/philipp/Dokumente/Github/VINGS-Mono-BA/output/exp_agz_s5600_200f/06-12-22-46-generic_vo-agz_s5600_200f_vista_g040-/run_20260612_164555.log,
1781275635,1781275699,agz,vista,vista_lowtrans,configs/local/agz/s5600_200f/vista/agz_s5600_200f_vista_lowtrans.yaml,/home/philipp/Dokumente/Github/VINGS-Mono-BA/output/exp_agz_s5600_200f,/home/philipp/Dokumente/Github/VINGS-Mono-BA/output/exp_agz_s5600_200f/06-12-22-47-generic_vo-agz_s5600_200f_vista_lowtrans-,OK,0,1.07,2.11,1941,192,1,200,200,1,1,-1.0,vista,24.4,1,199,21.1044,0.566,0.5408,1,0.24170985889487406,0.22399060569656043,200,200,19.1647,0.4461,0.4756,20,55.8,244.08,254.48,8.67,235.35,966.74,966.74,800.85,0.87,/home/philipp/Dokumente/Github/VINGS-Mono-BA/output/exp_agz_s5600_200f/06-12-22-47-generic_vo-agz_s5600_200f_vista_lowtrans-/run_20260612_164716.log,
