timestamp_start,timestamp_end,dataset,group,variant,config_path,save_dir,out_dir,status,exit_code,duration_min,peak_ram_gb,peak_vram_mib,n_keyframes,n_mapped,n_processed,n_dataset_frames,mapper_kf_skip,frame_skip,filter_thresh,selector_kind,ply_mb_final,ply_count,last_ply_kf,psnr,ssim,lpips,n_metric_frames,ate_rmse_m,ate_mean_m,n_ate_pairs,n_tracked,psnr_ho,ssim_ho,lpips_ho,n_eval_ho,wall_total_s,track_total_mean_ms,track_total_p95_ms,track_motion_filter_mean_ms,track_frontend_ba_mean_ms,map_total_mean_ms,map_total_p95_ms,map_train_loop_mean_ms,frame_select_mean_ms,log_path,crash_reason
1779910271,1779910472,amtown03,aim,aim_ovl055,configs/local/amtown03/s1000_400f/aim/amtown03_s1000_400f_aim_ovl055.yaml,/home/philipp/Dokumente/Github/VINGS-Mono-BA/output/exp_amtown03_s1000_400f,/home/philipp/Dokumente/Github/VINGS-Mono-BA/output/exp_amtown03_s1000_400f/05-28-03-31-generic_vo-amtown03_s1000_400f_aim_ovl055-,FAIL,1,3.35,2.0,9642,140,71,148,400,1,1,-1.0,aim_slam,182.62,1,103,23.0844,0.7049,0.3522,56,,,,,,,,,172.9,199.15,210.79,9.57,189.52,1952.18,3391.87,1988.97,10.27,/home/philipp/Dokumente/Github/VINGS-Mono-BA/output/exp_amtown03_s1000_400f/05-28-03-31-generic_vo-amtown03_s1000_400f_aim_ovl055-/run_20260527_213111.log,
1779908224,1779908243,amtown03,skip_no_filter,nofilter_skip_20,configs/local/amtown03/s1000_400f/skip_no_filter/amtown03_s1000_400f_nofilter_skip_20.yaml,/home/philipp/Dokumente/Github/VINGS-Mono-BA/output/exp_amtown03_s1000_400f,/home/philipp/Dokumente/Github/VINGS-Mono-BA/output/exp_amtown03_s1000_400f/05-28-02-57-generic_vo-amtown03_s1000_400f_nofilter_skip_20-,OK,0,0.32,1.72,2155,12,12,20,400,1,20,-1.0,none,43.98,1,399,22.9451,0.7147,0.3766,7,,,,,,,,,11.2,191.92,312.77,27.49,164.38,584.96,887.34,736.74,,/home/philipp/Dokumente/Github/VINGS-Mono-BA/output/exp_amtown03_s1000_400f/05-28-02-57-generic_vo-amtown03_s1000_400f_nofilter_skip_20-/run_20260527_205704.log,
1779908826,1779909016,amtown03,skip_no_filter,nofilter_skip_1,configs/local/amtown03/s1000_400f/skip_no_filter/amtown03_s1000_400f_nofilter_skip_1.yaml,/home/philipp/Dokumente/Github/VINGS-Mono-BA/output/exp_amtown03_s1000_400f,/home/philipp/Dokumente/Github/VINGS-Mono-BA/output/exp_amtown03_s1000_400f/05-28-03-07-generic_vo-amtown03_s1000_400f_nofilter_skip_1-,FAIL,1,3.17,1.92,9249,80,80,88,400,1,1,-1.0,none,184.48,1,57,22.7851,0.7002,0.3647,54,,,,,,,,,180.8,199.08,235.69,11.22,187.81,2007.11,3569.19,2050.75,,/home/philipp/Dokumente/Github/VINGS-Mono-BA/output/exp_amtown03_s1000_400f/05-28-03-07-generic_vo-amtown03_s1000_400f_nofilter_skip_1-/run_20260527_210706.log,
1779910063,1779910255,amtown03,aim,aim_gain030,configs/local/amtown03/s1000_400f/aim/amtown03_s1000_400f_aim_gain030.yaml,/home/philipp/Dokumente/Github/VINGS-Mono-BA/output/exp_amtown03_s1000_400f,/home/philipp/Dokumente/Github/VINGS-Mono-BA/output/exp_amtown03_s1000_400f/05-28-03-27-generic_vo-amtown03_s1000_400f_aim_gain030-,FAIL,1,3.2,2.01,9387,130,74,138,400,1,1,-1.0,aim_slam,199.76,1,93,22.5836,0.6913,0.386,57,,,,,,,,,181.3,200.23,216.23,9.88,190.29,2013.15,3431.26,2045.28,10.44,/home/philipp/Dokumente/Github/VINGS-Mono-BA/output/exp_amtown03_s1000_400f/05-28-03-27-generic_vo-amtown03_s1000_400f_aim_gain030-/run_20260527_212743.log,
1779910910,1779911093,amtown03,coko,coko_a005,configs/local/amtown03/s1000_400f/coko/amtown03_s1000_400f_coko_a005.yaml,/home/philipp/Dokumente/Github/VINGS-Mono-BA/output/exp_amtown03_s1000_400f,/home/philipp/Dokumente/Github/VINGS-Mono-BA/output/exp_amtown03_s1000_400f/05-28-03-41-generic_vo-amtown03_s1000_400f_coko_a005-,FAIL,1,3.05,1.99,9746,200,65,208,400,1,1,-1.0,coko_slam,190.97,1,120,22.3839,0.6663,0.3828,57,,,,,,,,,156.4,199.91,207.93,8.41,191.45,1690.54,2577.86,1727.62,5.45,/home/philipp/Dokumente/Github/VINGS-Mono-BA/output/exp_amtown03_s1000_400f/05-28-03-41-generic_vo-amtown03_s1000_400f_coko_a005-/run_20260527_214151.log,
1779908676,1779908809,amtown03,skip_no_filter,nofilter_skip_2,configs/local/amtown03/s1000_400f/skip_no_filter/amtown03_s1000_400f_nofilter_skip_2.yaml,/home/philipp/Dokumente/Github/VINGS-Mono-BA/output/exp_amtown03_s1000_400f,/home/philipp/Dokumente/Github/VINGS-Mono-BA/output/exp_amtown03_s1000_400f/05-28-03-04-generic_vo-amtown03_s1000_400f_nofilter_skip_2-,FAIL,1,2.22,1.9,9481,60,60,68,400,1,2,-1.0,none,190.99,1,114,22.3125,0.698,0.3748,41,,,,,,,,,108.5,196.91,232.68,12.42,184.44,1550.63,2573.63,1582.99,,/home/philipp/Dokumente/Github/VINGS-Mono-BA/output/exp_amtown03_s1000_400f/05-28-03-04-generic_vo-amtown03_s1000_400f_nofilter_skip_2-/run_20260527_210436.log,
1779913709,1779913838,amtown03,orbslam,orbslam_max60,configs/local/amtown03/s1000_400f/orbslam/amtown03_s1000_400f_orbslam_max60.yaml,/home/philipp/Dokumente/Github/VINGS-Mono-BA/output/exp_amtown03_s1000_400f,/home/philipp/Dokumente/Github/VINGS-Mono-BA/output/exp_amtown03_s1000_400f/05-28-04-28-generic_vo-amtown03_s1000_400f_orbslam_max60-,OK,0,2.15,2.01,3739,392,34,400,400,1,1,-1.0,orbslam3,167.58,1,399,22.0747,0.6856,0.3659,34,,,,,,,,,119.9,200.34,206.87,7.62,192.66,916.29,1113.58,873.26,5.86,/home/philipp/Dokumente/Github/VINGS-Mono-BA/output/exp_amtown03_s1000_400f/05-28-04-28-generic_vo-amtown03_s1000_400f_orbslam_max60-/run_20260527_222829.log,
1779910488,1779910686,amtown03,aim,aim_ovl085,configs/local/amtown03/s1000_400f/aim/amtown03_s1000_400f_aim_ovl085.yaml,/home/philipp/Dokumente/Github/VINGS-Mono-BA/output/exp_amtown03_s1000_400f,/home/philipp/Dokumente/Github/VINGS-Mono-BA/output/exp_amtown03_s1000_400f/05-28-03-34-generic_vo-amtown03_s1000_400f_aim_ovl085-,FAIL,1,3.3,2.0,9675,130,76,138,400,1,1,-1.0,aim_slam,199.95,1,89,22.0348,0.6747,0.3924,57,,,,,,,,,183.5,199.94,218.52,9.7,190.18,1989.9,3482.87,2020.35,10.46,/home/philipp/Dokumente/Github/VINGS-Mono-BA/output/exp_amtown03_s1000_400f/05-28-03-34-generic_vo-amtown03_s1000_400f_aim_ovl085-/run_20260527_213449.log,
1779913043,1779913265,amtown03,nurbs,nurbs_sec1,configs/local/amtown03/s1000_400f/nurbs/amtown03_s1000_400f_nurbs_sec1.yaml,/home/philipp/Dokumente/Github/VINGS-Mono-BA/output/exp_amtown03_s1000_400f,/home/philipp/Dokumente/Github/VINGS-Mono-BA/output/exp_amtown03_s1000_400f/05-28-04-17-generic_vo-amtown03_s1000_400f_nurbs_sec1-,FAIL,1,3.7,2.0,9482,180,76,188,400,1,1,-1.0,nurbs_lvi,219.82,1,124,21.9839,0.6677,0.3952,65,,,,,,,,,201.3,200.3,211.36,9.09,191.16,2040.75,3369.82,1996.33,24.86,/home/philipp/Dokumente/Github/VINGS-Mono-BA/output/exp_amtown03_s1000_400f/05-28-04-17-generic_vo-amtown03_s1000_400f_nurbs_sec1-/run_20260527_221724.log,
1779907857,1779907896,amtown03,baseline,vings_filter,configs/local/amtown03/s1000_400f/baseline/amtown03_s1000_400f_vings_filter.yaml,/home/philipp/Dokumente/Github/VINGS-Mono-BA/output/exp_amtown03_s1000_400f,/home/philipp/Dokumente/Github/VINGS-Mono-BA/output/exp_amtown03_s1000_400f/05-28-02-51-generic_vo-amtown03_s1000_400f_vings_filter-,OK,0,0.65,1.87,2615,174,174,400,400,1,1,2.4,none,110.68,1,399,21.8579,0.6698,0.3555,15,,,,,,,,,30.1,18.39,184.33,5.81,12.54,104.45,880.28,781.01,,/home/philipp/Dokumente/Github/VINGS-Mono-BA/output/exp_amtown03_s1000_400f/05-28-02-51-generic_vo-amtown03_s1000_400f_vings_filter-/run_20260527_205058.log,
1779909823,1779910047,amtown03,aim,aim,configs/local/amtown03/s1000_400f/aim/amtown03_s1000_400f_aim.yaml,/home/philipp/Dokumente/Github/VINGS-Mono-BA/output/exp_amtown03_s1000_400f,/home/philipp/Dokumente/Github/VINGS-Mono-BA/output/exp_amtown03_s1000_400f/05-28-03-23-generic_vo-amtown03_s1000_400f_aim-,FAIL,1,3.73,2.0,9302,140,82,148,400,1,1,-1.0,aim_slam,208.46,1,95,21.8107,0.659,0.3908,64,,,,,,,,,200.0,200.51,217.74,9.76,190.7,2014.25,3509.44,2034.21,10.32,/home/philipp/Dokumente/Github/VINGS-Mono-BA/output/exp_amtown03_s1000_400f/05-28-03-23-generic_vo-amtown03_s1000_400f_aim-/run_20260527_212343.log,
1779908485,1779908659,amtown03,skip_no_filter,nofilter_skip_3,configs/local/amtown03/s1000_400f/skip_no_filter/amtown03_s1000_400f_nofilter_skip_3.yaml,/home/philipp/Dokumente/Github/VINGS-Mono-BA/output/exp_amtown03_s1000_400f,/home/philipp/Dokumente/Github/VINGS-Mono-BA/output/exp_amtown03_s1000_400f/05-28-03-01-generic_vo-amtown03_s1000_400f_nofilter_skip_3-,FAIL,1,2.9,1.91,8279,80,80,88,400,1,3,-1.0,none,194.87,1,171,21.5996,0.6481,0.394,56,,,,,,,,,158.9,197.96,238.4,11.19,186.71,1736.02,2568.76,1800.4,,/home/philipp/Dokumente/Github/VINGS-Mono-BA/output/exp_amtown03_s1000_400f/05-28-03-01-generic_vo-amtown03_s1000_400f_nofilter_skip_3-/run_20260527_210126.log,
1779911527,1779911638,amtown03,game,game,configs/local/amtown03/s1000_400f/game/amtown03_s1000_400f_game.yaml,/home/philipp/Dokumente/Github/VINGS-Mono-BA/output/exp_amtown03_s1000_400f,/home/philipp/Dokumente/Github/VINGS-Mono-BA/output/exp_amtown03_s1000_400f/05-28-03-52-generic_vo-amtown03_s1000_400f_game-,OK,0,1.85,1.94,2532,392,15,400,400,1,1,-1.0,game_kfs,99.2,1,399,21.4011,0.659,0.3648,15,,,,,,,,,102.1,201.23,207.77,7.82,193.36,748.85,875.45,698.69,11.28,/home/philipp/Dokumente/Github/VINGS-Mono-BA/output/exp_amtown03_s1000_400f/05-28-03-52-generic_vo-amtown03_s1000_400f_game-/run_20260527_215207.log,
1779914114,1779914215,amtown03,two_gate,two_gate_b2only,configs/local/amtown03/s1000_400f/two_gate/amtown03_s1000_400f_two_gate_b2only.yaml,/home/philipp/Dokumente/Github/VINGS-Mono-BA/output/exp_amtown03_s1000_400f,/home/philipp/Dokumente/Github/VINGS-Mono-BA/output/exp_amtown03_s1000_400f/05-28-04-35-generic_vo-amtown03_s1000_400f_two_gate_b2only-,OK,0,1.68,1.78,1913,392,10,400,400,1,1,-1.0,two_gate,70.45,1,399,21.2982,0.6598,0.3884,10,,,,,,,,,93.7,199.87,206.61,7.53,192.29,716.64,770.94,663.54,1.19,/home/philipp/Dokumente/Github/VINGS-Mono-BA/output/exp_amtown03_s1000_400f/05-28-04-35-generic_vo-amtown03_s1000_400f_two_gate_b2only-/run_20260527_223514.log,
1779911983,1779912084,amtown03,game,game_th070,configs/local/amtown03/s1000_400f/game/amtown03_s1000_400f_game_th070.yaml,/home/philipp/Dokumente/Github/VINGS-Mono-BA/output/exp_amtown03_s1000_400f,/home/philipp/Dokumente/Github/VINGS-Mono-BA/output/exp_amtown03_s1000_400f/05-28-03-59-generic_vo-amtown03_s1000_400f_game_th070-,OK,0,1.68,1.79,1932,392,3,400,400,1,1,-1.0,game_kfs,30.49,1,399,21.2519,0.7055,0.3087,3,,,,,,,,,92.8,200.99,207.62,7.61,193.33,671.04,681.44,603.12,11.32,/home/philipp/Dokumente/Github/VINGS-Mono-BA/output/exp_amtown03_s1000_400f/05-28-03-59-generic_vo-amtown03_s1000_400f_game_th070-/run_20260527_215943.log,
1779907955,1779907987,amtown03,mapskip,mapskip_10,configs/local/amtown03/s1000_400f/mapskip/amtown03_s1000_400f_mapskip_10.yaml,/home/philipp/Dokumente/Github/VINGS-Mono-BA/output/exp_amtown03_s1000_400f,/home/philipp/Dokumente/Github/VINGS-Mono-BA/output/exp_amtown03_s1000_400f/05-28-02-52-generic_vo-amtown03_s1000_400f_mapskip_10-,OK,0,0.53,1.81,2333,174,18,400,400,10,1,2.4,none,81.03,1,399,21.2065,0.6529,0.3747,10,,,,,,,,,23.5,18.42,184.2,5.89,12.48,670.94,880.98,709.78,,/home/philipp/Dokumente/Github/VINGS-Mono-BA/output/exp_amtown03_s1000_400f/05-28-02-52-generic_vo-amtown03_s1000_400f_mapskip_10-/run_20260527_205236.log,
1779910703,1779910894,amtown03,coko,coko,configs/local/amtown03/s1000_400f/coko/amtown03_s1000_400f_coko.yaml,/home/philipp/Dokumente/Github/VINGS-Mono-BA/output/exp_amtown03_s1000_400f,/home/philipp/Dokumente/Github/VINGS-Mono-BA/output/exp_amtown03_s1000_400f/05-28-03-38-generic_vo-amtown03_s1000_400f_coko-,OK,0,3.18,1.99,5166,392,69,400,400,1,1,-1.0,coko_slam,293.17,1,399,21.1619,0.6738,0.3455,61,,,,,,,,,180.0,200.66,207.68,7.55,193.05,1309.66,1605.95,1265.61,5.34,/home/philipp/Dokumente/Github/VINGS-Mono-BA/output/exp_amtown03_s1000_400f/05-28-03-38-generic_vo-amtown03_s1000_400f_coko-/run_20260527_213823.log,
1779908168,1779908208,amtown03,mapskip,mapskip_1,configs/local/amtown03/s1000_400f/mapskip/amtown03_s1000_400f_mapskip_1.yaml,/home/philipp/Dokumente/Github/VINGS-Mono-BA/output/exp_amtown03_s1000_400f,/home/philipp/Dokumente/Github/VINGS-Mono-BA/output/exp_amtown03_s1000_400f/05-28-02-56-generic_vo-amtown03_s1000_400f_mapskip_1-,OK,0,0.67,1.88,2907,174,174,400,400,1,1,2.4,none,114.73,1,399,21.1146,0.6505,0.3775,14,,,,,,,,,31.0,18.63,184.8,6.08,12.51,104.85,930.75,783.26,,/home/philipp/Dokumente/Github/VINGS-Mono-BA/output/exp_amtown03_s1000_400f/05-28-02-56-generic_vo-amtown03_s1000_400f_mapskip_1-/run_20260527_205608.log,
1779914831,1779914930,amtown03,vista,vista_lowtrans,configs/local/amtown03/s1000_400f/vista/amtown03_s1000_400f_vista_lowtrans.yaml,/home/philipp/Dokumente/Github/VINGS-Mono-BA/output/exp_amtown03_s1000_400f,/home/philipp/Dokumente/Github/VINGS-Mono-BA/output/exp_amtown03_s1000_400f/05-28-04-47-generic_vo-amtown03_s1000_400f_vista_lowtrans-,OK,0,1.65,1.76,1785,392,7,400,400,1,1,-1.0,vista,55.14,1,399,20.9656,0.6729,0.3766,7,,,,,,,,,91.5,200.32,207.22,7.54,192.73,630.59,652.85,574.59,1.71,/home/philipp/Dokumente/Github/VINGS-Mono-BA/output/exp_amtown03_s1000_400f/05-28-04-47-generic_vo-amtown03_s1000_400f_vista_lowtrans-/run_20260527_224711.log,
1779908003,1779908041,amtown03,mapskip,mapskip_5,configs/local/amtown03/s1000_400f/mapskip/amtown03_s1000_400f_mapskip_5.yaml,/home/philipp/Dokumente/Github/VINGS-Mono-BA/output/exp_amtown03_s1000_400f,/home/philipp/Dokumente/Github/VINGS-Mono-BA/output/exp_amtown03_s1000_400f/05-28-02-53-generic_vo-amtown03_s1000_400f_mapskip_5-,OK,0,0.63,1.86,2701,174,35,400,400,5,1,2.4,none,107.17,1,399,20.954,0.6504,0.3777,15,,,,,,,,,29.3,18.65,186.14,6.1,12.51,487.52,1002.34,767.04,,/home/philipp/Dokumente/Github/VINGS-Mono-BA/output/exp_amtown03_s1000_400f/05-28-02-53-generic_vo-amtown03_s1000_400f_mapskip_5-/run_20260527_205323.log,
1779911784,1779911967,amtown03,game,game_th030,configs/local/amtown03/s1000_400f/game/amtown03_s1000_400f_game_th030.yaml,/home/philipp/Dokumente/Github/VINGS-Mono-BA/output/exp_amtown03_s1000_400f,/home/philipp/Dokumente/Github/VINGS-Mono-BA/output/exp_amtown03_s1000_400f/05-28-03-56-generic_vo-amtown03_s1000_400f_game_th030-,FAIL,1,3.05,2.0,9592,230,58,238,400,1,1,-1.0,game_kfs,251.92,1,227,20.9246,0.6114,0.4393,47,,,,,,,,,162.5,201.13,210.09,8.48,192.59,1849.08,2960.07,1795.27,11.31,/home/philipp/Dokumente/Github/VINGS-Mono-BA/output/exp_amtown03_s1000_400f/05-28-03-56-generic_vo-amtown03_s1000_400f_game_th030-/run_20260527_215624.log,
1779909225,1779909356,amtown03,adaptive_kf,adaptive_kf_decay85,configs/local/amtown03/s1000_400f/adaptive_kf/amtown03_s1000_400f_adaptive_kf_decay85.yaml,/home/philipp/Dokumente/Github/VINGS-Mono-BA/output/exp_amtown03_s1000_400f,/home/philipp/Dokumente/Github/VINGS-Mono-BA/output/exp_amtown03_s1000_400f/05-28-03-13-generic_vo-amtown03_s1000_400f_adaptive_kf_decay85-,OK,0,2.18,1.92,4033,392,26,400,400,1,1,-1.0,adaptive_kf,148.1,1,399,20.9156,0.63,0.4264,26,,,,,,,,,121.5,206.43,214.03,9.52,196.85,1000.36,1320.46,935.77,8.59,/home/philipp/Dokumente/Github/VINGS-Mono-BA/output/exp_amtown03_s1000_400f/05-28-03-13-generic_vo-amtown03_s1000_400f_adaptive_kf_decay85-/run_20260527_211346.log,
1779907913,1779907939,amtown03,mapskip,mapskip_20,configs/local/amtown03/s1000_400f/mapskip/amtown03_s1000_400f_mapskip_20.yaml,/home/philipp/Dokumente/Github/VINGS-Mono-BA/output/exp_amtown03_s1000_400f,/home/philipp/Dokumente/Github/VINGS-Mono-BA/output/exp_amtown03_s1000_400f/05-28-02-51-generic_vo-amtown03_s1000_400f_mapskip_20-,OK,0,0.43,1.75,1831,174,9,400,400,20,1,2.4,none,50.84,1,399,20.8876,0.6351,0.3774,7,,,,,,,,,17.9,18.56,185.24,6.11,12.41,663.64,704.1,616.74,,/home/philipp/Dokumente/Github/VINGS-Mono-BA/output/exp_amtown03_s1000_400f/05-28-02-51-generic_vo-amtown03_s1000_400f_mapskip_20-/run_20260527_205153.log,
1779912100,1779912216,amtown03,mm3dgs,mm3dgs,configs/local/amtown03/s1000_400f/mm3dgs/amtown03_s1000_400f_mm3dgs.yaml,/home/philipp/Dokumente/Github/VINGS-Mono-BA/output/exp_amtown03_s1000_400f,/home/philipp/Dokumente/Github/VINGS-Mono-BA/output/exp_amtown03_s1000_400f/05-28-04-01-generic_vo-amtown03_s1000_400f_mm3dgs-,OK,0,1.93,1.9,2727,392,24,400,400,1,1,-1.0,mm3dgs,135.17,1,399,20.5661,0.6338,0.4035,23,,,,,,,,,106.8,200.47,207.2,7.64,192.77,828.61,985.66,782.24,1.16,/home/philipp/Dokumente/Github/VINGS-Mono-BA/output/exp_amtown03_s1000_400f/05-28-04-01-generic_vo-amtown03_s1000_400f_mm3dgs-/run_20260527_220141.log,
1779911235,1779911510,amtown03,coko,coko_st010,configs/local/amtown03/s1000_400f/coko/amtown03_s1000_400f_coko_st010.yaml,/home/philipp/Dokumente/Github/VINGS-Mono-BA/output/exp_amtown03_s1000_400f,/home/philipp/Dokumente/Github/VINGS-Mono-BA/output/exp_amtown03_s1000_400f/05-28-03-47-generic_vo-amtown03_s1000_400f_coko_st010-,OK,0,4.58,1.97,7095,392,94,400,400,1,1,-1.0,coko_slam,398.81,1,399,20.3573,0.6847,0.3402,83,,,,,,,,,263.9,200.3,207.36,7.5,192.75,1847.17,2317.48,1795.92,5.41,/home/philipp/Dokumente/Github/VINGS-Mono-BA/output/exp_amtown03_s1000_400f/05-28-03-47-generic_vo-amtown03_s1000_400f_coko_st010-/run_20260527_214715.log,
1779908057,1779908096,amtown03,mapskip,mapskip_3,configs/local/amtown03/s1000_400f/mapskip/amtown03_s1000_400f_mapskip_3.yaml,/home/philipp/Dokumente/Github/VINGS-Mono-BA/output/exp_amtown03_s1000_400f,/home/philipp/Dokumente/Github/VINGS-Mono-BA/output/exp_amtown03_s1000_400f/05-28-02-54-generic_vo-amtown03_s1000_400f_mapskip_3-,OK,0,0.65,1.88,2829,174,58,400,400,3,1,2.4,none,114.11,1,399,20.305,0.6216,0.3801,12,,,,,,,,,30.2,18.59,183.96,6.12,12.43,305.41,936.08,759.81,,/home/philipp/Dokumente/Github/VINGS-Mono-BA/output/exp_amtown03_s1000_400f/05-28-02-54-generic_vo-amtown03_s1000_400f_mapskip_3-/run_20260527_205418.log,
1779913282,1779913414,amtown03,nurbs,nurbs_sec5,configs/local/amtown03/s1000_400f/nurbs/amtown03_s1000_400f_nurbs_sec5.yaml,/home/philipp/Dokumente/Github/VINGS-Mono-BA/output/exp_amtown03_s1000_400f,/home/philipp/Dokumente/Github/VINGS-Mono-BA/output/exp_amtown03_s1000_400f/05-28-04-21-generic_vo-amtown03_s1000_400f_nurbs_sec5-,OK,0,2.2,1.99,3811,392,28,400,400,1,1,-1.0,nurbs_lvi,145.41,1,399,19.9142,0.6773,0.3731,28,,,,,,,,,122.5,200.02,207.14,7.81,192.15,976.85,1150.77,929.98,22.31,/home/philipp/Dokumente/Github/VINGS-Mono-BA/output/exp_amtown03_s1000_400f/05-28-04-21-generic_vo-amtown03_s1000_400f_nurbs_sec5-/run_20260527_222122.log,
1779912857,1779913027,amtown03,nurbs,nurbs_orb400,configs/local/amtown03/s1000_400f/nurbs/amtown03_s1000_400f_nurbs_orb400.yaml,/home/philipp/Dokumente/Github/VINGS-Mono-BA/output/exp_amtown03_s1000_400f,/home/philipp/Dokumente/Github/VINGS-Mono-BA/output/exp_amtown03_s1000_400f/05-28-04-14-generic_vo-amtown03_s1000_400f_nurbs_orb400-,FAIL,1,2.83,2.0,8232,270,61,278,400,1,1,-1.0,nurbs_lvi,240.75,1,252,19.9131,0.558,0.4315,56,,,,,,,,,154.6,200.84,209.76,8.36,192.42,1470.16,2229.49,1425.54,14.05,/home/philipp/Dokumente/Github/VINGS-Mono-BA/output/exp_amtown03_s1000_400f/05-28-04-14-generic_vo-amtown03_s1000_400f_nurbs_orb400-/run_20260527_221418.log,
1779912514,1779912619,amtown03,mm3dgs,mm3dgs_gap10,configs/local/amtown03/s1000_400f/mm3dgs/amtown03_s1000_400f_mm3dgs_gap10.yaml,/home/philipp/Dokumente/Github/VINGS-Mono-BA/output/exp_amtown03_s1000_400f,/home/philipp/Dokumente/Github/VINGS-Mono-BA/output/exp_amtown03_s1000_400f/05-28-04-08-generic_vo-amtown03_s1000_400f_mm3dgs_gap10-,OK,0,1.75,1.86,2199,392,16,400,400,1,1,-1.0,mm3dgs,104.97,1,399,19.8797,0.6099,0.4309,16,,,,,,,,,97.6,198.9,206.05,7.66,191.18,719.84,817.5,668.93,1.15,/home/philipp/Dokumente/Github/VINGS-Mono-BA/output/exp_amtown03_s1000_400f/05-28-04-08-generic_vo-amtown03_s1000_400f_mm3dgs_gap10-/run_20260527_220834.log,
1779908259,1779908312,amtown03,skip_no_filter,nofilter_skip_10,configs/local/amtown03/s1000_400f/skip_no_filter/amtown03_s1000_400f_nofilter_skip_10.yaml,/home/philipp/Dokumente/Github/VINGS-Mono-BA/output/exp_amtown03_s1000_400f,/home/philipp/Dokumente/Github/VINGS-Mono-BA/output/exp_amtown03_s1000_400f/05-28-02-57-generic_vo-amtown03_s1000_400f_nofilter_skip_10-,OK,0,0.88,1.91,4569,32,32,40,400,1,10,-1.0,none,131.66,1,399,19.827,0.6257,0.4141,20,,,,,,,,,43.4,192.71,266.43,16.81,175.86,1082.06,1437.17,1185.49,,/home/philipp/Dokumente/Github/VINGS-Mono-BA/output/exp_amtown03_s1000_400f/05-28-02-57-generic_vo-amtown03_s1000_400f_nofilter_skip_10-/run_20260527_205740.log,
1779908328,1779908468,amtown03,skip_no_filter,nofilter_skip_5,configs/local/amtown03/s1000_400f/skip_no_filter/amtown03_s1000_400f_nofilter_skip_5.yaml,/home/philipp/Dokumente/Github/VINGS-Mono-BA/output/exp_amtown03_s1000_400f,/home/philipp/Dokumente/Github/VINGS-Mono-BA/output/exp_amtown03_s1000_400f/05-28-02-58-generic_vo-amtown03_s1000_400f_nofilter_skip_5-,OK,0,2.33,1.9,7307,72,72,80,400,1,5,-1.0,none,355.78,1,399,19.7434,0.5673,0.4574,53,,,,,,,,,130.5,195.66,241.21,11.56,184.05,1552.01,2208.78,1567.43,,/home/philipp/Dokumente/Github/VINGS-Mono-BA/output/exp_amtown03_s1000_400f/05-28-02-58-generic_vo-amtown03_s1000_400f_nofilter_skip_5-/run_20260527_205849.log,
1779908112,1779908151,amtown03,mapskip,mapskip_2,configs/local/amtown03/s1000_400f/mapskip/amtown03_s1000_400f_mapskip_2.yaml,/home/philipp/Dokumente/Github/VINGS-Mono-BA/output/exp_amtown03_s1000_400f,/home/philipp/Dokumente/Github/VINGS-Mono-BA/output/exp_amtown03_s1000_400f/05-28-02-55-generic_vo-amtown03_s1000_400f_mapskip_2-,OK,0,0.65,1.9,2509,174,87,400,400,2,1,2.4,none,119.55,1,399,19.7175,0.6084,0.4065,15,,,,,,,,,30.0,18.58,185.79,6.12,12.41,200.72,940.94,746.94,,/home/philipp/Dokumente/Github/VINGS-Mono-BA/output/exp_amtown03_s1000_400f/05-28-02-55-generic_vo-amtown03_s1000_400f_mapskip_2-/run_20260527_205513.log,
1779912637,1779912841,amtown03,nurbs,nurbs,configs/local/amtown03/s1000_400f/nurbs/amtown03_s1000_400f_nurbs.yaml,/home/philipp/Dokumente/Github/VINGS-Mono-BA/output/exp_amtown03_s1000_400f,/home/philipp/Dokumente/Github/VINGS-Mono-BA/output/exp_amtown03_s1000_400f/05-28-04-10-generic_vo-amtown03_s1000_400f_nurbs-,FAIL,1,3.4,1.99,8762,270,66,278,400,1,1,-1.0,nurbs_lvi,238.09,1,242,19.6392,0.5436,0.4554,62,,,,,,,,,180.2,200.99,210.77,8.34,192.6,1693.58,2637.71,1647.05,27.24,/home/philipp/Dokumente/Github/VINGS-Mono-BA/output/exp_amtown03_s1000_400f/05-28-04-10-generic_vo-amtown03_s1000_400f_nurbs-/run_20260527_221037.log,
1779913990,1779914097,amtown03,two_gate,two_gate,configs/local/amtown03/s1000_400f/two_gate/amtown03_s1000_400f_two_gate.yaml,/home/philipp/Dokumente/Github/VINGS-Mono-BA/output/exp_amtown03_s1000_400f,/home/philipp/Dokumente/Github/VINGS-Mono-BA/output/exp_amtown03_s1000_400f/05-28-04-33-generic_vo-amtown03_s1000_400f_two_gate-,OK,0,1.78,1.89,3025,392,13,400,400,1,1,-1.0,two_gate,88.97,1,399,19.5964,0.6295,0.4367,13,,,,,,,,,98.5,199.57,205.89,7.43,192.08,806.02,907.08,751.33,5.9,/home/philipp/Dokumente/Github/VINGS-Mono-BA/output/exp_amtown03_s1000_400f/05-28-04-33-generic_vo-amtown03_s1000_400f_two_gate-/run_20260527_223311.log,
1779911654,1779911767,amtown03,game,game_eta05,configs/local/amtown03/s1000_400f/game/amtown03_s1000_400f_game_eta05.yaml,/home/philipp/Dokumente/Github/VINGS-Mono-BA/output/exp_amtown03_s1000_400f,/home/philipp/Dokumente/Github/VINGS-Mono-BA/output/exp_amtown03_s1000_400f/05-28-03-54-generic_vo-amtown03_s1000_400f_game_eta05-,OK,0,1.88,1.97,2748,392,17,400,400,1,1,-1.0,game_kfs,106.47,1,399,19.5927,0.6409,0.4266,17,,,,,,,,,104.3,199.93,206.71,7.7,192.18,823.39,920.73,770.34,11.16,/home/philipp/Dokumente/Github/VINGS-Mono-BA/output/exp_amtown03_s1000_400f/05-28-03-54-generic_vo-amtown03_s1000_400f_game_eta05-/run_20260527_215414.log,
1779914231,1779914347,amtown03,two_gate,two_gate_loose,configs/local/amtown03/s1000_400f/two_gate/amtown03_s1000_400f_two_gate_loose.yaml,/home/philipp/Dokumente/Github/VINGS-Mono-BA/output/exp_amtown03_s1000_400f,/home/philipp/Dokumente/Github/VINGS-Mono-BA/output/exp_amtown03_s1000_400f/05-28-04-37-generic_vo-amtown03_s1000_400f_two_gate_loose-,OK,0,1.93,1.96,2929,392,20,400,400,1,1,-1.0,two_gate,120.37,1,399,19.5504,0.6415,0.4162,20,,,,,,,,,106.2,199.55,206.19,7.49,192.01,898.5,1167.58,847.39,5.99,/home/philipp/Dokumente/Github/VINGS-Mono-BA/output/exp_amtown03_s1000_400f/05-28-04-37-generic_vo-amtown03_s1000_400f_two_gate_loose-/run_20260527_223712.log,
1779913855,1779913974,amtown03,orbslam,orbslam_ratio80,configs/local/amtown03/s1000_400f/orbslam/amtown03_s1000_400f_orbslam_ratio80.yaml,/home/philipp/Dokumente/Github/VINGS-Mono-BA/output/exp_amtown03_s1000_400f,/home/philipp/Dokumente/Github/VINGS-Mono-BA/output/exp_amtown03_s1000_400f/05-28-04-30-generic_vo-amtown03_s1000_400f_orbslam_ratio80-,OK,0,1.98,1.99,3577,392,23,400,400,1,1,-1.0,orbslam3,134.44,1,399,19.4237,0.658,0.3972,23,,,,,,,,,110.7,200.68,207.65,7.59,193.02,961.0,1122.24,910.96,5.89,/home/philipp/Dokumente/Github/VINGS-Mono-BA/output/exp_amtown03_s1000_400f/05-28-04-30-generic_vo-amtown03_s1000_400f_orbslam_ratio80-/run_20260527_223055.log,
1779914716,1779914814,amtown03,vista,vista_g040,configs/local/amtown03/s1000_400f/vista/amtown03_s1000_400f_vista_g040.yaml,/home/philipp/Dokumente/Github/VINGS-Mono-BA/output/exp_amtown03_s1000_400f,/home/philipp/Dokumente/Github/VINGS-Mono-BA/output/exp_amtown03_s1000_400f/05-28-04-45-generic_vo-amtown03_s1000_400f_vista_g040-,OK,0,1.63,1.72,1543,392,5,400,400,1,1,-1.0,vista,41.57,1,399,19.3454,0.6163,0.4247,5,,,,,,,,,89.8,200.99,208.22,7.73,193.2,643.68,672.9,583.45,0.93,/home/philipp/Dokumente/Github/VINGS-Mono-BA/output/exp_amtown03_s1000_400f/05-28-04-45-generic_vo-amtown03_s1000_400f_vista_g040-/run_20260527_224517.log,
1779912351,1779912497,amtown03,mm3dgs,mm3dgs_c99,configs/local/amtown03/s1000_400f/mm3dgs/amtown03_s1000_400f_mm3dgs_c99.yaml,/home/philipp/Dokumente/Github/VINGS-Mono-BA/output/exp_amtown03_s1000_400f,/home/philipp/Dokumente/Github/VINGS-Mono-BA/output/exp_amtown03_s1000_400f/05-28-04-05-generic_vo-amtown03_s1000_400f_mm3dgs_c99-,OK,0,2.43,1.9,4867,392,42,400,400,1,1,-1.0,mm3dgs,243.1,1,399,19.1591,0.5364,0.4693,42,,,,,,,,,136.7,201.1,207.72,7.6,193.44,1175.99,1452.93,1128.98,1.16,/home/philipp/Dokumente/Github/VINGS-Mono-BA/output/exp_amtown03_s1000_400f/05-28-04-05-generic_vo-amtown03_s1000_400f_mm3dgs_c99-/run_20260527_220552.log,
1779912232,1779912335,amtown03,mm3dgs,mm3dgs_c85,configs/local/amtown03/s1000_400f/mm3dgs/amtown03_s1000_400f_mm3dgs_c85.yaml,/home/philipp/Dokumente/Github/VINGS-Mono-BA/output/exp_amtown03_s1000_400f,/home/philipp/Dokumente/Github/VINGS-Mono-BA/output/exp_amtown03_s1000_400f/05-28-04-03-generic_vo-amtown03_s1000_400f_mm3dgs_c85-,OK,0,1.72,1.83,1821,392,13,400,400,1,1,-1.0,mm3dgs,92.16,1,399,19.0952,0.5684,0.4575,13,,,,,,,,,94.4,198.97,205.94,7.58,191.33,657.32,702.82,604.38,1.16,/home/philipp/Dokumente/Github/VINGS-Mono-BA/output/exp_amtown03_s1000_400f/05-28-04-03-generic_vo-amtown03_s1000_400f_mm3dgs_c85-/run_20260527_220353.log,
1779914363,1779914464,amtown03,two_gate,two_gate_strict,configs/local/amtown03/s1000_400f/two_gate/amtown03_s1000_400f_two_gate_strict.yaml,/home/philipp/Dokumente/Github/VINGS-Mono-BA/output/exp_amtown03_s1000_400f,/home/philipp/Dokumente/Github/VINGS-Mono-BA/output/exp_amtown03_s1000_400f/05-28-04-39-generic_vo-amtown03_s1000_400f_two_gate_strict-,OK,0,1.68,1.81,2177,392,7,400,400,1,1,-1.0,two_gate,55.98,1,399,19.0935,0.6083,0.4564,7,,,,,,,,,92.8,200.12,207.05,7.44,192.63,682.59,730.47,622.85,5.92,/home/philipp/Dokumente/Github/VINGS-Mono-BA/output/exp_amtown03_s1000_400f/05-28-04-39-generic_vo-amtown03_s1000_400f_two_gate_strict-/run_20260527_223923.log,
1779911110,1779911218,amtown03,coko,coko_a050,configs/local/amtown03/s1000_400f/coko/amtown03_s1000_400f_coko_a050.yaml,/home/philipp/Dokumente/Github/VINGS-Mono-BA/output/exp_amtown03_s1000_400f,/home/philipp/Dokumente/Github/VINGS-Mono-BA/output/exp_amtown03_s1000_400f/05-28-03-45-generic_vo-amtown03_s1000_400f_coko_a050-,OK,0,1.8,1.91,2543,392,14,400,400,1,1,-1.0,coko_slam,92.77,1,399,18.9216,0.6291,0.4373,14,,,,,,,,,99.7,201.16,208.36,7.5,193.61,801.24,890.81,747.47,5.25,/home/philipp/Dokumente/Github/VINGS-Mono-BA/output/exp_amtown03_s1000_400f/05-28-03-45-generic_vo-amtown03_s1000_400f_coko_a050-/run_20260527_214510.log,
1779914481,1779914585,amtown03,vista,vista,configs/local/amtown03/s1000_400f/vista/amtown03_s1000_400f_vista.yaml,/home/philipp/Dokumente/Github/VINGS-Mono-BA/output/exp_amtown03_s1000_400f,/home/philipp/Dokumente/Github/VINGS-Mono-BA/output/exp_amtown03_s1000_400f/05-28-04-41-generic_vo-amtown03_s1000_400f_vista-,OK,0,1.73,1.82,2487,392,13,400,400,1,1,-1.0,vista,83.61,1,399,18.9185,0.6313,0.4268,13,,,,,,,,,96.8,200.57,208.31,7.7,192.82,768.46,918.32,716.55,1.09,/home/philipp/Dokumente/Github/VINGS-Mono-BA/output/exp_amtown03_s1000_400f/05-28-04-41-generic_vo-amtown03_s1000_400f_vista-/run_20260527_224121.log,
1779909702,1779909806,amtown03,adaptive_kf,adaptive_kf_sens3,configs/local/amtown03/s1000_400f/adaptive_kf/amtown03_s1000_400f_adaptive_kf_sens3.yaml,/home/philipp/Dokumente/Github/VINGS-Mono-BA/output/exp_amtown03_s1000_400f,/home/philipp/Dokumente/Github/VINGS-Mono-BA/output/exp_amtown03_s1000_400f/05-28-03-21-generic_vo-amtown03_s1000_400f_adaptive_kf_sens3-,OK,0,1.73,1.67,1499,392,1,400,400,1,1,-1.0,adaptive_kf,12.2,1,399,18.2637,0.6141,0.4165,1,,,,,,,,,96.4,210.24,219.28,10.39,199.79,672.16,672.16,586.7,6.33,/home/philipp/Dokumente/Github/VINGS-Mono-BA/output/exp_amtown03_s1000_400f/05-28-03-21-generic_vo-amtown03_s1000_400f_adaptive_kf_sens3-/run_20260527_212143.log,
1779913430,1779913552,amtown03,orbslam,orbslam,configs/local/amtown03/s1000_400f/orbslam/amtown03_s1000_400f_orbslam.yaml,/home/philipp/Dokumente/Github/VINGS-Mono-BA/output/exp_amtown03_s1000_400f,/home/philipp/Dokumente/Github/VINGS-Mono-BA/output/exp_amtown03_s1000_400f/05-28-04-23-generic_vo-amtown03_s1000_400f_orbslam-,OK,0,2.03,2.01,2715,392,32,400,400,1,1,-1.0,orbslam3,204.15,1,399,17.9555,0.4877,0.5087,29,,,,,,,,,113.0,199.9,206.95,7.62,192.22,766.67,897.71,718.55,5.87,/home/philipp/Dokumente/Github/VINGS-Mono-BA/output/exp_amtown03_s1000_400f/05-28-04-23-generic_vo-amtown03_s1000_400f_orbslam-/run_20260527_222351.log,
1779909033,1779909208,amtown03,adaptive_kf,adaptive_kf,configs/local/amtown03/s1000_400f/adaptive_kf/amtown03_s1000_400f_adaptive_kf.yaml,/home/philipp/Dokumente/Github/VINGS-Mono-BA/output/exp_amtown03_s1000_400f,/home/philipp/Dokumente/Github/VINGS-Mono-BA/output/exp_amtown03_s1000_400f/05-28-03-10-generic_vo-amtown03_s1000_400f_adaptive_kf-,OK,0,2.92,1.9,3439,392,71,400,400,1,1,-1.0,adaptive_kf,484.6,1,399,17.0907,0.4416,0.509,57,,,,,,,,,164.7,207.02,215.84,8.76,198.2,980.6,1139.5,916.15,8.07,/home/philipp/Dokumente/Github/VINGS-Mono-BA/output/exp_amtown03_s1000_400f/05-28-03-10-generic_vo-amtown03_s1000_400f_adaptive_kf-/run_20260527_211033.log,
1779913569,1779913689,amtown03,orbslam,orbslam_max15,configs/local/amtown03/s1000_400f/orbslam/amtown03_s1000_400f_orbslam_max15.yaml,/home/philipp/Dokumente/Github/VINGS-Mono-BA/output/exp_amtown03_s1000_400f,/home/philipp/Dokumente/Github/VINGS-Mono-BA/output/exp_amtown03_s1000_400f/05-28-04-26-generic_vo-amtown03_s1000_400f_orbslam_max15-,OK,0,2.0,1.99,2513,392,34,400,400,1,1,-1.0,orbslam3,233.29,1,399,17.0449,0.4492,0.5506,33,,,,,,,,,112.1,199.75,206.41,7.61,192.09,686.43,800.17,636.33,5.84,/home/philipp/Dokumente/Github/VINGS-Mono-BA/output/exp_amtown03_s1000_400f/05-28-04-26-generic_vo-amtown03_s1000_400f_orbslam_max15-/run_20260527_222609.log,
1779914602,1779914700,amtown03,vista,vista_g020,configs/local/amtown03/s1000_400f/vista/amtown03_s1000_400f_vista_g020.yaml,/home/philipp/Dokumente/Github/VINGS-Mono-BA/output/exp_amtown03_s1000_400f,/home/philipp/Dokumente/Github/VINGS-Mono-BA/output/exp_amtown03_s1000_400f/05-28-04-43-generic_vo-amtown03_s1000_400f_vista_g020-,OK,0,1.63,1.73,1493,392,5,400,400,1,1,-1.0,vista,42.43,1,399,15.6146,0.4487,0.5915,5,,,,,,,,,89.6,200.26,207.46,7.73,192.47,624.45,643.46,565.39,0.78,/home/philipp/Dokumente/Github/VINGS-Mono-BA/output/exp_amtown03_s1000_400f/05-28-04-43-generic_vo-amtown03_s1000_400f_vista_g020-/run_20260527_224322.log,
1779909373,1779909684,amtown03,adaptive_kf,adaptive_kf_sens1,configs/local/amtown03/s1000_400f/adaptive_kf/amtown03_s1000_400f_adaptive_kf_sens1.yaml,/home/philipp/Dokumente/Github/VINGS-Mono-BA/output/exp_amtown03_s1000_400f,/home/philipp/Dokumente/Github/VINGS-Mono-BA/output/exp_amtown03_s1000_400f/05-28-03-16-generic_vo-amtown03_s1000_400f_adaptive_kf_sens1-,OK,0,5.18,1.91,5241,392,143,400,400,1,1,-1.0,adaptive_kf,1076.88,1,399,14.9387,0.3146,0.5746,111,,,,,,,,,299.1,205.16,215.34,8.41,196.69,1415.79,1614.32,1345.02,7.29,/home/philipp/Dokumente/Github/VINGS-Mono-BA/output/exp_amtown03_s1000_400f/05-28-03-16-generic_vo-amtown03_s1000_400f_adaptive_kf_sens1-/run_20260527_211613.log,
1780066257,1780066294,amtown03,two_gate_v2,two_gate_v2,configs/local/amtown03/s1000_400f/two_gate_v2/amtown03_s1000_400f_two_gate_v2.yaml,/home/philipp/Dokumente/Github/VINGS-Mono-BA/output/exp_amtown03_s1000_400f,/home/philipp/Dokumente/Github/VINGS-Mono-BA/output/exp_amtown03_s1000_400f/05-29-22-51-generic_vo-amtown03_s1000_400f_two_gate_v2-,OK,0,0.62,1.76,1568,76,2,84,400,1,1,-1.0,two_gate_v2,33.94,1,399,18.882,0.5711,0.4902,2,,,,,,,,,23.8,208.36,228.24,18.41,189.9,825.01,697.32,692.7,6.52,/home/philipp/Dokumente/Github/VINGS-Mono-BA/output/exp_amtown03_s1000_400f/05-29-22-51-generic_vo-amtown03_s1000_400f_two_gate_v2-/run_20260529_165057.log,
1780066311,1780066344,amtown03,two_gate_v2,two_gate_v2_a3_loose,configs/local/amtown03/s1000_400f/two_gate_v2/amtown03_s1000_400f_two_gate_v2_a3_loose.yaml,/home/philipp/Dokumente/Github/VINGS-Mono-BA/output/exp_amtown03_s1000_400f,/home/philipp/Dokumente/Github/VINGS-Mono-BA/output/exp_amtown03_s1000_400f/05-29-22-51-generic_vo-amtown03_s1000_400f_two_gate_v2_a3_loose-,OK,0,0.55,1.79,1850,81,4,89,400,1,1,-1.0,two_gate_v2,45.69,1,399,21.7817,0.7483,0.2548,4,,,,,,,,,24.8,198.42,219.04,10.91,187.46,683.63,689.18,601.52,5.99,/home/philipp/Dokumente/Github/VINGS-Mono-BA/output/exp_amtown03_s1000_400f/05-29-22-51-generic_vo-amtown03_s1000_400f_two_gate_v2_a3_loose-/run_20260529_165151.log,
1780066360,1780066464,amtown03,two_gate_v2,two_gate_v2_a3off,configs/local/amtown03/s1000_400f/two_gate_v2/amtown03_s1000_400f_two_gate_v2_a3off.yaml,/home/philipp/Dokumente/Github/VINGS-Mono-BA/output/exp_amtown03_s1000_400f,/home/philipp/Dokumente/Github/VINGS-Mono-BA/output/exp_amtown03_s1000_400f/05-29-22-52-generic_vo-amtown03_s1000_400f_two_gate_v2_a3off-,OK,0,1.73,1.82,2216,392,8,400,400,1,1,-1.0,two_gate_v2,59.1,1,399,20.0275,0.642,0.4299,8,,,,,,,,,95.2,201.54,211.15,7.55,193.93,734.67,808.61,676.5,5.71,/home/philipp/Dokumente/Github/VINGS-Mono-BA/output/exp_amtown03_s1000_400f/05-29-22-52-generic_vo-amtown03_s1000_400f_two_gate_v2_a3off-/run_20260529_165241.log,
1780066480,1780066508,amtown03,two_gate_v2,two_gate_v2_a3_strict,configs/local/amtown03/s1000_400f/two_gate_v2/amtown03_s1000_400f_two_gate_v2_a3_strict.yaml,/home/philipp/Dokumente/Github/VINGS-Mono-BA/output/exp_amtown03_s1000_400f,/home/philipp/Dokumente/Github/VINGS-Mono-BA/output/exp_amtown03_s1000_400f/05-29-22-54-generic_vo-amtown03_s1000_400f_two_gate_v2_a3_strict-,OK,0,0.47,1.72,1450,70,1,78,400,1,1,-1.0,two_gate_v2,12.2,1,399,7.4152,0.0775,0.9758,1,,,,,,,,,20.0,196.51,231.26,11.62,184.84,529.56,529.56,452.57,5.73,/home/philipp/Dokumente/Github/VINGS-Mono-BA/output/exp_amtown03_s1000_400f/05-29-22-54-generic_vo-amtown03_s1000_400f_two_gate_v2_a3_strict-/run_20260529_165441.log,
1780066525,1780066555,amtown03,two_gate_v2,two_gate_v2_b2only,configs/local/amtown03/s1000_400f/two_gate_v2/amtown03_s1000_400f_two_gate_v2_b2only.yaml,/home/philipp/Dokumente/Github/VINGS-Mono-BA/output/exp_amtown03_s1000_400f,/home/philipp/Dokumente/Github/VINGS-Mono-BA/output/exp_amtown03_s1000_400f/05-29-22-55-generic_vo-amtown03_s1000_400f_two_gate_v2_b2only-,OK,0,0.5,1.7,1404,76,2,84,400,1,1,-1.0,two_gate_v2,33.9,1,399,18.5934,0.6074,0.4242,2,,,,,,,,,22.3,200.59,238.0,11.64,188.89,773.26,641.13,660.75,0.95,/home/philipp/Dokumente/Github/VINGS-Mono-BA/output/exp_amtown03_s1000_400f/05-29-22-55-generic_vo-amtown03_s1000_400f_two_gate_v2_b2only-/run_20260529_165525.log,
1780066571,1780066602,amtown03,two_gate_v2,two_gate_v2_loose,configs/local/amtown03/s1000_400f/two_gate_v2/amtown03_s1000_400f_two_gate_v2_loose.yaml,/home/philipp/Dokumente/Github/VINGS-Mono-BA/output/exp_amtown03_s1000_400f,/home/philipp/Dokumente/Github/VINGS-Mono-BA/output/exp_amtown03_s1000_400f/05-29-22-56-generic_vo-amtown03_s1000_400f_two_gate_v2_loose-,OK,0,0.52,1.76,1478,76,2,84,400,1,1,-1.0,two_gate_v2,33.86,1,399,18.339,0.5811,0.4838,2,,,,,,,,,22.4,197.13,228.45,11.23,185.85,794.89,723.53,681.36,5.78,/home/philipp/Dokumente/Github/VINGS-Mono-BA/output/exp_amtown03_s1000_400f/05-29-22-56-generic_vo-amtown03_s1000_400f_two_gate_v2_loose-/run_20260529_165611.log,
1780066618,1780066649,amtown03,two_gate_v2,two_gate_v2_strict,configs/local/amtown03/s1000_400f/two_gate_v2/amtown03_s1000_400f_two_gate_v2_strict.yaml,/home/philipp/Dokumente/Github/VINGS-Mono-BA/output/exp_amtown03_s1000_400f,/home/philipp/Dokumente/Github/VINGS-Mono-BA/output/exp_amtown03_s1000_400f/05-29-22-57-generic_vo-amtown03_s1000_400f_two_gate_v2_strict-,OK,0,0.52,1.76,1600,76,2,84,400,1,1,-1.0,two_gate_v2,33.93,1,399,18.4661,0.5727,0.5021,2,,,,,,,,,22.3,197.58,230.02,11.1,186.43,744.38,676.9,630.06,5.79,/home/philipp/Dokumente/Github/VINGS-Mono-BA/output/exp_amtown03_s1000_400f/05-29-22-57-generic_vo-amtown03_s1000_400f_two_gate_v2_strict-/run_20260529_165659.log,
1780094023,1780094130,amtown03,two_gate,two_gate,configs/local/amtown03/s1000_400f/two_gate/amtown03_s1000_400f_two_gate.yaml,/home/philipp/Dokumente/Github/VINGS-Mono-BA/output/exp_amtown03_s1000_400f,/home/philipp/Dokumente/Github/VINGS-Mono-BA/output/exp_amtown03_s1000_400f/05-30-06-33-generic_vo-amtown03_s1000_400f_two_gate-,OK,0,1.78,2.16,2118,392,9,400,400,1,1,-1.0,two_gate,68.84,1,399,17.4592,0.499,0.5583,9,15.296928541703227,11.85615412816201,400,400,14.2703,0.2504,0.5325,40,98.2,200.87,210.58,7.5,193.31,744.66,835.43,685.91,6.02,/home/philipp/Dokumente/Github/VINGS-Mono-BA/output/exp_amtown03_s1000_400f/05-30-06-33-generic_vo-amtown03_s1000_400f_two_gate-/run_20260530_003344.log,
1780094146,1780094251,amtown03,two_gate,two_gate_b2only,configs/local/amtown03/s1000_400f/two_gate/amtown03_s1000_400f_two_gate_b2only.yaml,/home/philipp/Dokumente/Github/VINGS-Mono-BA/output/exp_amtown03_s1000_400f,/home/philipp/Dokumente/Github/VINGS-Mono-BA/output/exp_amtown03_s1000_400f/05-30-06-35-generic_vo-amtown03_s1000_400f_two_gate_b2only-,OK,0,1.75,2.1,1898,392,12,400,400,1,1,-1.0,two_gate,85.54,1,399,18.9737,0.538,0.5061,12,8.592723759877186,7.258905849194255,400,400,13.5033,0.1903,0.5184,40,96.7,200.85,207.88,7.6,193.19,625.43,653.66,573.25,1.26,/home/philipp/Dokumente/Github/VINGS-Mono-BA/output/exp_amtown03_s1000_400f/05-30-06-35-generic_vo-amtown03_s1000_400f_two_gate_b2only-/run_20260530_003547.log,
1780094267,1780094376,amtown03,two_gate,two_gate_loose,configs/local/amtown03/s1000_400f/two_gate/amtown03_s1000_400f_two_gate_loose.yaml,/home/philipp/Dokumente/Github/VINGS-Mono-BA/output/exp_amtown03_s1000_400f,/home/philipp/Dokumente/Github/VINGS-Mono-BA/output/exp_amtown03_s1000_400f/05-30-06-37-generic_vo-amtown03_s1000_400f_two_gate_loose-,OK,0,1.82,2.17,1750,392,14,400,400,1,1,-1.0,two_gate,99.86,1,399,19.0595,0.508,0.5669,14,8.218949315920934,6.909987425540963,400,400,11.7762,0.1281,0.612,40,99.8,200.2,208.04,7.5,192.64,613.2,662.6,562.73,6.06,/home/philipp/Dokumente/Github/VINGS-Mono-BA/output/exp_amtown03_s1000_400f/05-30-06-37-generic_vo-amtown03_s1000_400f_two_gate_loose-/run_20260530_003748.log,
1780094393,1780094497,amtown03,two_gate,two_gate_strict,configs/local/amtown03/s1000_400f/two_gate/amtown03_s1000_400f_two_gate_strict.yaml,/home/philipp/Dokumente/Github/VINGS-Mono-BA/output/exp_amtown03_s1000_400f,/home/philipp/Dokumente/Github/VINGS-Mono-BA/output/exp_amtown03_s1000_400f/05-30-06-39-generic_vo-amtown03_s1000_400f_two_gate_strict-,OK,0,1.73,2.16,1654,392,7,400,400,1,1,-1.0,two_gate,57.61,1,399,18.9173,0.5088,0.5699,7,8.301257198193548,6.990213230450476,400,400,11.4671,0.1524,0.6361,40,95.4,201.23,208.89,7.52,193.65,599.49,628.22,543.09,5.98,/home/philipp/Dokumente/Github/VINGS-Mono-BA/output/exp_amtown03_s1000_400f/05-30-06-39-generic_vo-amtown03_s1000_400f_two_gate_strict-/run_20260530_003953.log,
1780094513,1780094548,amtown03,two_gate_v2,two_gate_v2,configs/local/amtown03/s1000_400f/two_gate_v2/amtown03_s1000_400f_two_gate_v2.yaml,/home/philipp/Dokumente/Github/VINGS-Mono-BA/output/exp_amtown03_s1000_400f,/home/philipp/Dokumente/Github/VINGS-Mono-BA/output/exp_amtown03_s1000_400f/05-30-06-41-generic_vo-amtown03_s1000_400f_two_gate_v2-,OK,0,0.58,2.17,2814,76,3,84,400,1,1,-1.0,two_gate_v2,42.67,1,399,18.6435,0.6295,0.4206,3,26.188518350021788,23.24616928118709,84,84,14.9548,0.319,0.4537,40,25.6,197.84,233.07,11.05,186.74,720.95,681.8,627.3,5.91,/home/philipp/Dokumente/Github/VINGS-Mono-BA/output/exp_amtown03_s1000_400f/05-30-06-41-generic_vo-amtown03_s1000_400f_two_gate_v2-/run_20260530_004154.log,
1780094564,1780094599,amtown03,two_gate_v2,two_gate_v2_a3_loose,configs/local/amtown03/s1000_400f/two_gate_v2/amtown03_s1000_400f_two_gate_v2_a3_loose.yaml,/home/philipp/Dokumente/Github/VINGS-Mono-BA/output/exp_amtown03_s1000_400f,/home/philipp/Dokumente/Github/VINGS-Mono-BA/output/exp_amtown03_s1000_400f/05-30-06-42-generic_vo-amtown03_s1000_400f_two_gate_v2_a3_loose-,OK,0,0.58,2.16,1616,81,4,89,400,1,1,-1.0,two_gate_v2,45.6,1,399,22.5275,0.7627,0.2382,4,4.822629682478278,4.002695286510083,89,89,15.2243,0.3232,0.3817,40,27.4,198.24,224.53,10.97,187.21,719.15,714.95,636.48,6.0,/home/philipp/Dokumente/Github/VINGS-Mono-BA/output/exp_amtown03_s1000_400f/05-30-06-42-generic_vo-amtown03_s1000_400f_two_gate_v2_a3_loose-/run_20260530_004244.log,
1780094616,1780094718,amtown03,two_gate_v2,two_gate_v2_a3off,configs/local/amtown03/s1000_400f/two_gate_v2/amtown03_s1000_400f_two_gate_v2_a3off.yaml,/home/philipp/Dokumente/Github/VINGS-Mono-BA/output/exp_amtown03_s1000_400f,/home/philipp/Dokumente/Github/VINGS-Mono-BA/output/exp_amtown03_s1000_400f/05-30-06-43-generic_vo-amtown03_s1000_400f_two_gate_v2_a3off-,OK,0,1.7,2.16,1824,392,4,400,400,1,1,-1.0,two_gate_v2,31.61,1,399,20.47,0.6163,0.4737,4,8.392444296094052,7.05605244049065,400,400,12.8411,0.2224,0.5835,40,93.7,199.82,207.33,7.41,192.35,629.65,634.14,572.32,5.62,/home/philipp/Dokumente/Github/VINGS-Mono-BA/output/exp_amtown03_s1000_400f/05-30-06-43-generic_vo-amtown03_s1000_400f_two_gate_v2_a3off-/run_20260530_004336.log,
1780094734,1780094766,amtown03,two_gate_v2,two_gate_v2_a3_strict,configs/local/amtown03/s1000_400f/two_gate_v2/amtown03_s1000_400f_two_gate_v2_a3_strict.yaml,/home/philipp/Dokumente/Github/VINGS-Mono-BA/output/exp_amtown03_s1000_400f,/home/philipp/Dokumente/Github/VINGS-Mono-BA/output/exp_amtown03_s1000_400f/05-30-06-45-generic_vo-amtown03_s1000_400f_two_gate_v2_a3_strict-,OK,0,0.53,2.16,1442,70,1,78,400,1,1,-1.0,two_gate_v2,12.2,1,399,7.5402,0.0841,0.968,1,3.1249447576647302,2.7699609875503763,78,78,6.9397,0.0159,0.9867,40,22.6,197.37,228.95,11.57,185.75,548.23,548.23,469.73,5.86,/home/philipp/Dokumente/Github/VINGS-Mono-BA/output/exp_amtown03_s1000_400f/05-30-06-45-generic_vo-amtown03_s1000_400f_two_gate_v2_a3_strict-/run_20260530_004535.log,
1780094782,1780094815,amtown03,two_gate_v2,two_gate_v2_b2only,configs/local/amtown03/s1000_400f/two_gate_v2/amtown03_s1000_400f_two_gate_v2_b2only.yaml,/home/philipp/Dokumente/Github/VINGS-Mono-BA/output/exp_amtown03_s1000_400f,/home/philipp/Dokumente/Github/VINGS-Mono-BA/output/exp_amtown03_s1000_400f/05-30-06-46-generic_vo-amtown03_s1000_400f_two_gate_v2_b2only-,OK,0,0.55,2.12,2394,76,3,84,400,1,1,-1.0,two_gate_v2,42.57,1,399,18.0051,0.6015,0.4542,3,26.20419393220974,23.26119113136743,84,84,14.7529,0.3094,0.4487,40,25.5,198.95,233.05,11.87,187.03,793.36,814.51,697.62,1.01,/home/philipp/Dokumente/Github/VINGS-Mono-BA/output/exp_amtown03_s1000_400f/05-30-06-46-generic_vo-amtown03_s1000_400f_two_gate_v2_b2only-/run_20260530_004622.log,
1780094831,1780094865,amtown03,two_gate_v2,two_gate_v2_loose,configs/local/amtown03/s1000_400f/two_gate_v2/amtown03_s1000_400f_two_gate_v2_loose.yaml,/home/philipp/Dokumente/Github/VINGS-Mono-BA/output/exp_amtown03_s1000_400f,/home/philipp/Dokumente/Github/VINGS-Mono-BA/output/exp_amtown03_s1000_400f/05-30-06-47-generic_vo-amtown03_s1000_400f_two_gate_v2_loose-,OK,0,0.57,2.17,2430,76,2,84,400,1,1,-1.0,two_gate_v2,33.87,1,399,18.4589,0.6058,0.4244,2,26.181485308933567,23.247521822896747,84,84,12.7238,0.2615,0.5281,40,25.1,198.38,234.49,11.26,187.06,777.37,633.77,665.95,5.92,/home/philipp/Dokumente/Github/VINGS-Mono-BA/output/exp_amtown03_s1000_400f/05-30-06-47-generic_vo-amtown03_s1000_400f_two_gate_v2_loose-/run_20260530_004712.log,
1780094881,1780094914,amtown03,two_gate_v2,two_gate_v2_strict,configs/local/amtown03/s1000_400f/two_gate_v2/amtown03_s1000_400f_two_gate_v2_strict.yaml,/home/philipp/Dokumente/Github/VINGS-Mono-BA/output/exp_amtown03_s1000_400f,/home/philipp/Dokumente/Github/VINGS-Mono-BA/output/exp_amtown03_s1000_400f/05-30-06-48-generic_vo-amtown03_s1000_400f_two_gate_v2_strict-,OK,0,0.55,2.17,1784,76,2,84,400,1,1,-1.0,two_gate_v2,34.03,1,399,15.4396,0.5234,0.5324,2,26.35781626945307,23.398426997831173,84,84,12.8344,0.2999,0.539,40,25.0,197.88,233.25,11.16,186.67,753.44,704.65,640.96,5.87,/home/philipp/Dokumente/Github/VINGS-Mono-BA/output/exp_amtown03_s1000_400f/05-30-06-48-generic_vo-amtown03_s1000_400f_two_gate_v2_strict-/run_20260530_004801.log,
1780096949,1780096992,amtown03,baseline,vings_filter,configs/local/amtown03/s1000_400f/baseline/amtown03_s1000_400f_vings_filter.yaml,/home/philipp/Dokumente/Github/VINGS-Mono-BA/output/exp_amtown03_s1000_400f,/home/philipp/Dokumente/Github/VINGS-Mono-BA/output/exp_amtown03_s1000_400f/05-30-07-22-generic_vo-amtown03_s1000_400f_vings_filter-,OK,0,0.72,2.11,2650,174,174,400,400,1,1,2.4,none,113.82,1,399,21.287,0.6514,0.3719,16,6.120136243641451,5.57610293853997,29,29,13.7103,0.2128,0.4763,40,34.1,18.99,188.09,6.29,12.66,105.68,918.34,789.6,,/home/philipp/Dokumente/Github/VINGS-Mono-BA/output/exp_amtown03_s1000_400f/05-30-07-22-generic_vo-amtown03_s1000_400f_vings_filter-/run_20260530_012229.log,
1780097009,1780097038,amtown03,mapskip,mapskip_20,configs/local/amtown03/s1000_400f/mapskip/amtown03_s1000_400f_mapskip_20.yaml,/home/philipp/Dokumente/Github/VINGS-Mono-BA/output/exp_amtown03_s1000_400f,/home/philipp/Dokumente/Github/VINGS-Mono-BA/output/exp_amtown03_s1000_400f/05-30-07-23-generic_vo-amtown03_s1000_400f_mapskip_20-,OK,0,0.48,2.1,2086,174,9,400,400,20,1,2.4,none,53.14,1,399,20.3627,0.6394,0.4086,8,6.124218920978266,5.579905250429811,29,29,13.1726,0.1946,0.5001,40,21.1,18.82,188.52,6.2,12.58,675.14,771.35,625.24,,/home/philipp/Dokumente/Github/VINGS-Mono-BA/output/exp_amtown03_s1000_400f/05-30-07-23-generic_vo-amtown03_s1000_400f_mapskip_20-/run_20260530_012329.log,
1780097054,1780097091,amtown03,mapskip,mapskip_10,configs/local/amtown03/s1000_400f/mapskip/amtown03_s1000_400f_mapskip_10.yaml,/home/philipp/Dokumente/Github/VINGS-Mono-BA/output/exp_amtown03_s1000_400f,/home/philipp/Dokumente/Github/VINGS-Mono-BA/output/exp_amtown03_s1000_400f/05-30-07-24-generic_vo-amtown03_s1000_400f_mapskip_10-,OK,0,0.62,2.1,2614,174,18,400,400,10,1,2.4,none,83.48,1,399,18.9775,0.6212,0.4064,13,6.122286863061917,5.578031901415018,29,29,13.438,0.1952,0.4983,40,27.8,19.12,186.99,6.37,12.71,688.61,909.58,728.05,,/home/philipp/Dokumente/Github/VINGS-Mono-BA/output/exp_amtown03_s1000_400f/05-30-07-24-generic_vo-amtown03_s1000_400f_mapskip_10-/run_20260530_012415.log,
1780097108,1780097149,amtown03,mapskip,mapskip_5,configs/local/amtown03/s1000_400f/mapskip/amtown03_s1000_400f_mapskip_5.yaml,/home/philipp/Dokumente/Github/VINGS-Mono-BA/output/exp_amtown03_s1000_400f,/home/philipp/Dokumente/Github/VINGS-Mono-BA/output/exp_amtown03_s1000_400f/05-30-07-25-generic_vo-amtown03_s1000_400f_mapskip_5-,OK,0,0.68,2.1,2654,174,35,400,400,5,1,2.4,none,105.24,1,399,20.9212,0.6378,0.3758,14,6.120798321632003,5.576674974075761,29,29,13.7614,0.2111,0.4804,40,32.1,18.62,186.3,6.1,12.48,487.12,995.13,766.67,,/home/philipp/Dokumente/Github/VINGS-Mono-BA/output/exp_amtown03_s1000_400f/05-30-07-25-generic_vo-amtown03_s1000_400f_mapskip_5-/run_20260530_012508.log,
1780097165,1780097208,amtown03,mapskip,mapskip_3,configs/local/amtown03/s1000_400f/mapskip/amtown03_s1000_400f_mapskip_3.yaml,/home/philipp/Dokumente/Github/VINGS-Mono-BA/output/exp_amtown03_s1000_400f,/home/philipp/Dokumente/Github/VINGS-Mono-BA/output/exp_amtown03_s1000_400f/05-30-07-26-generic_vo-amtown03_s1000_400f_mapskip_3-,OK,0,0.72,2.11,2660,174,58,400,400,3,1,2.4,none,114.83,1,399,19.8875,0.6239,0.3867,16,6.121404528097868,5.5773197078867005,29,29,13.479,0.1978,0.4947,40,33.1,18.7,184.88,6.08,12.57,305.72,972.8,760.04,,/home/philipp/Dokumente/Github/VINGS-Mono-BA/output/exp_amtown03_s1000_400f/05-30-07-26-generic_vo-amtown03_s1000_400f_mapskip_3-/run_20260530_012605.log,
1780097224,1780097265,amtown03,mapskip,mapskip_2,configs/local/amtown03/s1000_400f/mapskip/amtown03_s1000_400f_mapskip_2.yaml,/home/philipp/Dokumente/Github/VINGS-Mono-BA/output/exp_amtown03_s1000_400f,/home/philipp/Dokumente/Github/VINGS-Mono-BA/output/exp_amtown03_s1000_400f/05-30-07-27-generic_vo-amtown03_s1000_400f_mapskip_2-,OK,0,0.68,2.12,2494,174,87,400,400,2,1,2.4,none,120.66,1,399,18.9395,0.602,0.4098,14,6.123486579788011,5.579174119956337,29,29,13.3155,0.1882,0.4948,40,32.5,18.55,184.97,6.0,12.5,196.34,882.2,729.16,,/home/philipp/Dokumente/Github/VINGS-Mono-BA/output/exp_amtown03_s1000_400f/05-30-07-27-generic_vo-amtown03_s1000_400f_mapskip_2-/run_20260530_012704.log,
1780097281,1780097323,amtown03,mapskip,mapskip_1,configs/local/amtown03/s1000_400f/mapskip/amtown03_s1000_400f_mapskip_1.yaml,/home/philipp/Dokumente/Github/VINGS-Mono-BA/output/exp_amtown03_s1000_400f,/home/philipp/Dokumente/Github/VINGS-Mono-BA/output/exp_amtown03_s1000_400f/05-30-07-28-generic_vo-amtown03_s1000_400f_mapskip_1-,OK,0,0.7,2.1,2498,174,174,400,400,1,1,2.4,none,115.32,1,399,20.4422,0.639,0.3728,14,6.122034799847311,5.577757122644936,29,29,13.8196,0.2131,0.483,40,33.9,18.75,187.67,6.13,12.58,104.32,877.63,778.22,,/home/philipp/Dokumente/Github/VINGS-Mono-BA/output/exp_amtown03_s1000_400f/05-30-07-28-generic_vo-amtown03_s1000_400f_mapskip_1-/run_20260530_012802.log,
1780097340,1780097362,amtown03,skip_no_filter,nofilter_skip_20,configs/local/amtown03/s1000_400f/skip_no_filter/amtown03_s1000_400f_nofilter_skip_20.yaml,/home/philipp/Dokumente/Github/VINGS-Mono-BA/output/exp_amtown03_s1000_400f,/home/philipp/Dokumente/Github/VINGS-Mono-BA/output/exp_amtown03_s1000_400f/05-30-07-29-generic_vo-amtown03_s1000_400f_nofilter_skip_20-,OK,0,0.37,2.1,2404,12,12,20,400,1,20,-1.0,none,44.55,1,399,22.1308,0.7162,0.3934,6,24.89565784552661,19.71487724519962,20,20,17.2879,0.438,0.4664,40,14.4,191.12,312.09,27.51,163.56,634.49,997.72,800.79,,/home/philipp/Dokumente/Github/VINGS-Mono-BA/output/exp_amtown03_s1000_400f/05-30-07-29-generic_vo-amtown03_s1000_400f_nofilter_skip_20-/run_20260530_012900.log,
1780097378,1780097433,amtown03,skip_no_filter,nofilter_skip_10,configs/local/amtown03/s1000_400f/skip_no_filter/amtown03_s1000_400f_nofilter_skip_10.yaml,/home/philipp/Dokumente/Github/VINGS-Mono-BA/output/exp_amtown03_s1000_400f,/home/philipp/Dokumente/Github/VINGS-Mono-BA/output/exp_amtown03_s1000_400f/05-30-07-29-generic_vo-amtown03_s1000_400f_nofilter_skip_10-,OK,0,0.92,2.11,4458,32,32,40,400,1,10,-1.0,none,130.8,1,399,20.709,0.6611,0.387,20,5.01578298644447,4.372351019842794,40,40,14.7145,0.3058,0.4471,40,45.9,193.76,265.21,16.98,176.73,1069.51,1375.97,1172.12,,/home/philipp/Dokumente/Github/VINGS-Mono-BA/output/exp_amtown03_s1000_400f/05-30-07-29-generic_vo-amtown03_s1000_400f_nofilter_skip_10-/run_20260530_012939.log,
1780097449,1780097585,amtown03,skip_no_filter,nofilter_skip_5,configs/local/amtown03/s1000_400f/skip_no_filter/amtown03_s1000_400f_nofilter_skip_5.yaml,/home/philipp/Dokumente/Github/VINGS-Mono-BA/output/exp_amtown03_s1000_400f,/home/philipp/Dokumente/Github/VINGS-Mono-BA/output/exp_amtown03_s1000_400f/05-30-07-30-generic_vo-amtown03_s1000_400f_nofilter_skip_5-,OK,0,2.27,2.11,8202,72,72,80,400,1,5,-1.0,none,343.88,1,399,19.2796,0.5445,0.4664,45,5.382577579070532,4.602319741162509,80,80,13.3063,0.2351,0.51,40,126.7,197.78,248.51,11.62,186.11,1453.92,2064.83,1468.45,,/home/philipp/Dokumente/Github/VINGS-Mono-BA/output/exp_amtown03_s1000_400f/05-30-07-30-generic_vo-amtown03_s1000_400f_nofilter_skip_5-/run_20260530_013049.log,
1780097602,1780097922,amtown03,skip_no_filter,nofilter_skip_3,configs/local/amtown03/s1000_400f/skip_no_filter/amtown03_s1000_400f_nofilter_skip_3.yaml,/home/philipp/Dokumente/Github/VINGS-Mono-BA/output/exp_amtown03_s1000_400f,/home/philipp/Dokumente/Github/VINGS-Mono-BA/output/exp_amtown03_s1000_400f/05-30-07-33-generic_vo-amtown03_s1000_400f_nofilter_skip_3-,OK,0,5.33,2.1,9244,126,126,134,400,1,3,-1.0,none,578.73,1,399,19.8289,0.5792,0.4275,75,10.561573266968368,6.784054106480877,134,134,13.3157,0.2296,0.4979,40,309.0,199.83,223.27,9.59,190.18,2163.11,3110.13,2209.71,,/home/philipp/Dokumente/Github/VINGS-Mono-BA/output/exp_amtown03_s1000_400f/05-30-07-33-generic_vo-amtown03_s1000_400f_nofilter_skip_3-/run_20260530_013322.log,
1780097939,1780098158,amtown03,skip_no_filter,nofilter_skip_2,configs/local/amtown03/s1000_400f/skip_no_filter/amtown03_s1000_400f_nofilter_skip_2.yaml,/home/philipp/Dokumente/Github/VINGS-Mono-BA/output/exp_amtown03_s1000_400f,/home/philipp/Dokumente/Github/VINGS-Mono-BA/output/exp_amtown03_s1000_400f/05-30-07-39-generic_vo-amtown03_s1000_400f_nofilter_skip_2-,FAIL,1,3.65,1.91,9350,80,80,88,400,1,2,-1.0,none,173.78,1,114,23.6946,0.7451,0.3207,57,,,,,,,,,180.3,198.03,223.93,11.2,186.77,2001.47,3466.49,2047.88,,/home/philipp/Dokumente/Github/VINGS-Mono-BA/output/exp_amtown03_s1000_400f/05-30-07-39-generic_vo-amtown03_s1000_400f_nofilter_skip_2-/run_20260530_013900.log,
1780098174,1780098354,amtown03,skip_no_filter,nofilter_skip_1,configs/local/amtown03/s1000_400f/skip_no_filter/amtown03_s1000_400f_nofilter_skip_1.yaml,/home/philipp/Dokumente/Github/VINGS-Mono-BA/output/exp_amtown03_s1000_400f,/home/philipp/Dokumente/Github/VINGS-Mono-BA/output/exp_amtown03_s1000_400f/05-30-07-42-generic_vo-amtown03_s1000_400f_nofilter_skip_1-,FAIL,1,3.0,1.91,9728,80,80,88,400,1,1,-1.0,none,199.56,1,57,22.0382,0.6697,0.3954,56,,,,,,,,,169.0,201.01,232.21,11.33,189.63,1856.77,3034.72,1898.71,,/home/philipp/Dokumente/Github/VINGS-Mono-BA/output/exp_amtown03_s1000_400f/05-30-07-42-generic_vo-amtown03_s1000_400f_nofilter_skip_1-/run_20260530_014255.log,
1780098370,1780098610,amtown03,adaptive_kf,adaptive_kf,configs/local/amtown03/s1000_400f/adaptive_kf/amtown03_s1000_400f_adaptive_kf.yaml,/home/philipp/Dokumente/Github/VINGS-Mono-BA/output/exp_amtown03_s1000_400f,/home/philipp/Dokumente/Github/VINGS-Mono-BA/output/exp_amtown03_s1000_400f/05-30-07-46-generic_vo-amtown03_s1000_400f_adaptive_kf-,OK,0,4.0,2.12,5050,392,117,400,400,1,1,-1.0,adaptive_kf,870.51,1,399,15.4496,0.3439,0.5817,83,8.769620515856902,7.4140647039457415,400,400,12.5653,0.1567,0.547,40,226.8,207.1,216.62,8.76,198.28,1067.48,1174.52,999.58,7.92,/home/philipp/Dokumente/Github/VINGS-Mono-BA/output/exp_amtown03_s1000_400f/05-30-07-46-generic_vo-amtown03_s1000_400f_adaptive_kf-/run_20260530_014610.log,
1780098628,1780098773,amtown03,adaptive_kf,adaptive_kf_decay85,configs/local/amtown03/s1000_400f/adaptive_kf/amtown03_s1000_400f_adaptive_kf_decay85.yaml,/home/philipp/Dokumente/Github/VINGS-Mono-BA/output/exp_amtown03_s1000_400f,/home/philipp/Dokumente/Github/VINGS-Mono-BA/output/exp_amtown03_s1000_400f/05-30-07-50-generic_vo-amtown03_s1000_400f_adaptive_kf_decay85-,OK,0,2.42,2.1,3922,392,37,400,400,1,1,-1.0,adaptive_kf,194.08,1,399,20.5384,0.61,0.4308,34,8.342951009734051,7.049578312634085,400,400,11.2866,0.1503,0.5566,40,136.5,207.7,217.32,9.05,198.59,1050.94,1324.07,988.17,10.44,/home/philipp/Dokumente/Github/VINGS-Mono-BA/output/exp_amtown03_s1000_400f/05-30-07-50-generic_vo-amtown03_s1000_400f_adaptive_kf_decay85-/run_20260530_015028.log,
1780098790,1780099043,amtown03,adaptive_kf,adaptive_kf_sens1,configs/local/amtown03/s1000_400f/adaptive_kf/amtown03_s1000_400f_adaptive_kf_sens1.yaml,/home/philipp/Dokumente/Github/VINGS-Mono-BA/output/exp_amtown03_s1000_400f,/home/philipp/Dokumente/Github/VINGS-Mono-BA/output/exp_amtown03_s1000_400f/05-30-07-53-generic_vo-amtown03_s1000_400f_adaptive_kf_sens1-,OK,0,4.22,2.1,9314,392,79,400,400,1,1,-1.0,adaptive_kf,383.79,1,399,20.081,0.6081,0.4329,74,25.50569474244427,20.316231927015295,400,400,13.2149,0.2022,0.5061,40,242.2,207.52,215.78,8.83,198.63,1813.61,2645.86,1748.9,9.57,/home/philipp/Dokumente/Github/VINGS-Mono-BA/output/exp_amtown03_s1000_400f/05-30-07-53-generic_vo-amtown03_s1000_400f_adaptive_kf_sens1-/run_20260530_015310.log,
1780099060,1780099166,amtown03,adaptive_kf,adaptive_kf_sens3,configs/local/amtown03/s1000_400f/adaptive_kf/amtown03_s1000_400f_adaptive_kf_sens3.yaml,/home/philipp/Dokumente/Github/VINGS-Mono-BA/output/exp_amtown03_s1000_400f,/home/philipp/Dokumente/Github/VINGS-Mono-BA/output/exp_amtown03_s1000_400f/05-30-07-57-generic_vo-amtown03_s1000_400f_adaptive_kf_sens3-,OK,0,1.77,2.1,1404,392,1,400,400,1,1,-1.0,adaptive_kf,12.2,1,399,18.409,0.6238,0.3987,1,8.610345110625818,7.270432386372225,400,400,13.1106,0.3479,0.4815,40,98.6,209.32,218.75,10.41,198.86,679.64,679.64,592.49,6.43,/home/philipp/Dokumente/Github/VINGS-Mono-BA/output/exp_amtown03_s1000_400f/05-30-07-57-generic_vo-amtown03_s1000_400f_adaptive_kf_sens3-/run_20260530_015740.log,
1780099182,1780099338,amtown03,aim,aim,configs/local/amtown03/s1000_400f/aim/amtown03_s1000_400f_aim.yaml,/home/philipp/Dokumente/Github/VINGS-Mono-BA/output/exp_amtown03_s1000_400f,/home/philipp/Dokumente/Github/VINGS-Mono-BA/output/exp_amtown03_s1000_400f/05-30-07-59-generic_vo-amtown03_s1000_400f_aim-,FAIL,1,2.6,2.01,7703,130,64,138,400,1,1,-1.0,aim_slam,191.76,1,107,23.1855,0.7147,0.3599,47,,,,,,,,,141.5,201.75,219.09,9.98,191.72,1703.83,2787.68,1714.92,10.59,/home/philipp/Dokumente/Github/VINGS-Mono-BA/output/exp_amtown03_s1000_400f/05-30-07-59-generic_vo-amtown03_s1000_400f_aim-/run_20260530_015943.log,
1780099354,1780099543,amtown03,aim,aim_gain030,configs/local/amtown03/s1000_400f/aim/amtown03_s1000_400f_aim_gain030.yaml,/home/philipp/Dokumente/Github/VINGS-Mono-BA/output/exp_amtown03_s1000_400f,/home/philipp/Dokumente/Github/VINGS-Mono-BA/output/exp_amtown03_s1000_400f/05-30-08-02-generic_vo-amtown03_s1000_400f_aim_gain030-,FAIL,1,3.15,1.99,9101,130,71,138,400,1,1,-1.0,aim_slam,197.46,1,99,21.9027,0.6563,0.3861,56,,,,,,,,,166.9,201.18,220.93,9.92,191.21,1891.8,3297.8,1924.69,10.51,/home/philipp/Dokumente/Github/VINGS-Mono-BA/output/exp_amtown03_s1000_400f/05-30-08-02-generic_vo-amtown03_s1000_400f_aim_gain030-/run_20260530_020234.log,
1780099559,1780099773,amtown03,aim,aim_ovl055,configs/local/amtown03/s1000_400f/aim/amtown03_s1000_400f_aim_ovl055.yaml,/home/philipp/Dokumente/Github/VINGS-Mono-BA/output/exp_amtown03_s1000_400f,/home/philipp/Dokumente/Github/VINGS-Mono-BA/output/exp_amtown03_s1000_400f/05-30-08-06-generic_vo-amtown03_s1000_400f_aim_ovl055-,FAIL,1,3.57,2.01,9597,150,79,158,400,1,1,-1.0,aim_slam,198.76,1,95,22.3767,0.6882,0.3808,64,,,,,,,,,202.0,201.09,212.54,9.49,191.55,2087.05,3635.42,2120.42,10.34,/home/philipp/Dokumente/Github/VINGS-Mono-BA/output/exp_amtown03_s1000_400f/05-30-08-06-generic_vo-amtown03_s1000_400f_aim_ovl055-/run_20260530_020559.log,
1780099789,1780100099,amtown03,aim,aim_ovl085,configs/local/amtown03/s1000_400f/aim/amtown03_s1000_400f_aim_ovl085.yaml,/home/philipp/Dokumente/Github/VINGS-Mono-BA/output/exp_amtown03_s1000_400f,/home/philipp/Dokumente/Github/VINGS-Mono-BA/output/exp_amtown03_s1000_400f/05-30-08-09-generic_vo-amtown03_s1000_400f_aim_ovl085-,FAIL,1,5.17,2.0,9415,260,103,268,400,1,1,-1.0,aim_slam,423.72,1,257,21.6515,0.6493,0.3957,89,,,,,,,,,295.4,201.32,212.63,8.49,192.77,2250.34,3449.78,2264.55,9.64,/home/philipp/Dokumente/Github/VINGS-Mono-BA/output/exp_amtown03_s1000_400f/05-30-08-09-generic_vo-amtown03_s1000_400f_aim_ovl085-/run_20260530_020950.log,
1780100116,1780100312,amtown03,coko,coko,configs/local/amtown03/s1000_400f/coko/amtown03_s1000_400f_coko.yaml,/home/philipp/Dokumente/Github/VINGS-Mono-BA/output/exp_amtown03_s1000_400f,/home/philipp/Dokumente/Github/VINGS-Mono-BA/output/exp_amtown03_s1000_400f/05-30-08-15-generic_vo-amtown03_s1000_400f_coko-,OK,0,3.27,2.17,5270,392,69,400,400,1,1,-1.0,coko_slam,283.93,1,399,20.7256,0.6722,0.3418,66,8.340937011817923,7.040014237019775,400,400,11.174,0.1412,0.5452,40,185.7,201.98,210.68,7.54,194.38,1335.63,1659.01,1291.49,5.43,/home/philipp/Dokumente/Github/VINGS-Mono-BA/output/exp_amtown03_s1000_400f/05-30-08-15-generic_vo-amtown03_s1000_400f_coko-/run_20260530_021516.log,
1780100329,1780100600,amtown03,coko,coko_a005,configs/local/amtown03/s1000_400f/coko/amtown03_s1000_400f_coko_a005.yaml,/home/philipp/Dokumente/Github/VINGS-Mono-BA/output/exp_amtown03_s1000_400f,/home/philipp/Dokumente/Github/VINGS-Mono-BA/output/exp_amtown03_s1000_400f/05-30-08-18-generic_vo-amtown03_s1000_400f_coko_a005-,FAIL,1,4.52,1.98,9186,240,92,248,400,1,1,-1.0,coko_slam,193.77,1,175,20.7087,0.5948,0.4032,78,,,,,,,,,240.1,201.57,212.08,8.12,193.39,1996.22,2937.42,2012.64,5.55,/home/philipp/Dokumente/Github/VINGS-Mono-BA/output/exp_amtown03_s1000_400f/05-30-08-18-generic_vo-amtown03_s1000_400f_coko_a005-/run_20260530_021849.log,
1780100616,1780100720,amtown03,coko,coko_a050,configs/local/amtown03/s1000_400f/coko/amtown03_s1000_400f_coko_a050.yaml,/home/philipp/Dokumente/Github/VINGS-Mono-BA/output/exp_amtown03_s1000_400f,/home/philipp/Dokumente/Github/VINGS-Mono-BA/output/exp_amtown03_s1000_400f/05-30-08-23-generic_vo-amtown03_s1000_400f_coko_a050-,OK,0,1.73,2.18,1738,392,8,400,400,1,1,-1.0,coko_slam,68.49,1,399,16.1904,0.4525,0.5978,8,8.434615146836268,7.124126484437327,400,400,11.1572,0.1532,0.6708,40,96.3,200.94,208.39,7.54,193.35,642.25,694.98,582.58,5.32,/home/philipp/Dokumente/Github/VINGS-Mono-BA/output/exp_amtown03_s1000_400f/05-30-08-23-generic_vo-amtown03_s1000_400f_coko_a050-/run_20260530_022336.log,
1780100737,1780100919,amtown03,coko,coko_st010,configs/local/amtown03/s1000_400f/coko/amtown03_s1000_400f_coko_st010.yaml,/home/philipp/Dokumente/Github/VINGS-Mono-BA/output/exp_amtown03_s1000_400f,/home/philipp/Dokumente/Github/VINGS-Mono-BA/output/exp_amtown03_s1000_400f/05-30-08-25-generic_vo-amtown03_s1000_400f_coko_st010-,OK,0,3.03,2.18,4827,392,64,400,400,1,1,-1.0,coko_slam,261.27,1,399,22.3026,0.6993,0.336,57,8.384456913839493,7.078948507854018,400,400,11.9508,0.162,0.5347,40,172.5,200.81,209.69,7.53,193.22,1245.67,1526.36,1203.86,5.4,/home/philipp/Dokumente/Github/VINGS-Mono-BA/output/exp_amtown03_s1000_400f/05-30-08-25-generic_vo-amtown03_s1000_400f_coko_st010-/run_20260530_022537.log,
1780100936,1780101102,amtown03,game,game,configs/local/amtown03/s1000_400f/game/amtown03_s1000_400f_game.yaml,/home/philipp/Dokumente/Github/VINGS-Mono-BA/output/exp_amtown03_s1000_400f,/home/philipp/Dokumente/Github/VINGS-Mono-BA/output/exp_amtown03_s1000_400f/05-30-08-29-generic_vo-amtown03_s1000_400f_game-,OK,0,2.77,2.2,2708,392,82,400,400,1,1,-1.0,game_kfs,621.48,1,399,14.3269,0.3621,0.5842,63,8.558175133581523,7.2233520982845185,400,400,11.6265,0.1284,0.5933,40,156.2,201.41,208.83,7.56,193.79,725.63,826.81,672.3,11.25,/home/philipp/Dokumente/Github/VINGS-Mono-BA/output/exp_amtown03_s1000_400f/05-30-08-29-generic_vo-amtown03_s1000_400f_game-/run_20260530_022856.log,
1780101120,1780101234,amtown03,game,game_eta05,configs/local/amtown03/s1000_400f/game/amtown03_s1000_400f_game_eta05.yaml,/home/philipp/Dokumente/Github/VINGS-Mono-BA/output/exp_amtown03_s1000_400f,/home/philipp/Dokumente/Github/VINGS-Mono-BA/output/exp_amtown03_s1000_400f/05-30-08-32-generic_vo-amtown03_s1000_400f_game_eta05-,OK,0,1.9,2.19,2242,392,15,400,400,1,1,-1.0,game_kfs,98.3,1,399,20.481,0.6318,0.4016,14,8.53727567633675,7.205602709267217,400,400,12.4776,0.1859,0.5223,40,105.2,202.46,209.73,7.93,194.47,710.26,827.2,659.43,11.32,/home/philipp/Dokumente/Github/VINGS-Mono-BA/output/exp_amtown03_s1000_400f/05-30-08-32-generic_vo-amtown03_s1000_400f_game_eta05-/run_20260530_023200.log,
1780101250,1780101661,amtown03,game,game_th030,configs/local/amtown03/s1000_400f/game/amtown03_s1000_400f_game_th030.yaml,/home/philipp/Dokumente/Github/VINGS-Mono-BA/output/exp_amtown03_s1000_400f,/home/philipp/Dokumente/Github/VINGS-Mono-BA/output/exp_amtown03_s1000_400f/05-30-08-34-generic_vo-amtown03_s1000_400f_game_th030-,OK,0,6.85,2.21,9032,392,134,400,400,1,1,-1.0,game_kfs,705.66,1,399,18.4863,0.5371,0.459,112,8.541271061633612,7.216682931144757,400,400,11.9424,0.1636,0.5573,40,398.3,202.08,209.76,7.67,194.35,2229.67,3095.44,2170.97,11.35,/home/philipp/Dokumente/Github/VINGS-Mono-BA/output/exp_amtown03_s1000_400f/05-30-08-34-generic_vo-amtown03_s1000_400f_game_th030-/run_20260530_023411.log,
1780101678,1780101788,amtown03,game,game_th070,configs/local/amtown03/s1000_400f/game/amtown03_s1000_400f_game_th070.yaml,/home/philipp/Dokumente/Github/VINGS-Mono-BA/output/exp_amtown03_s1000_400f,/home/philipp/Dokumente/Github/VINGS-Mono-BA/output/exp_amtown03_s1000_400f/05-30-08-41-generic_vo-amtown03_s1000_400f_game_th070-,OK,0,1.83,2.2,1658,392,12,400,400,1,1,-1.0,game_kfs,110.18,1,399,13.334,0.2808,0.7023,11,8.493809686468303,7.161488235846271,400,400,9.5334,0.1287,0.7252,40,101.2,201.74,209.24,7.8,193.88,609.74,643.23,549.61,11.18,/home/philipp/Dokumente/Github/VINGS-Mono-BA/output/exp_amtown03_s1000_400f/05-30-08-41-generic_vo-amtown03_s1000_400f_game_th070-/run_20260530_024119.log,
1780101805,1780101923,amtown03,mm3dgs,mm3dgs,configs/local/amtown03/s1000_400f/mm3dgs/amtown03_s1000_400f_mm3dgs.yaml,/home/philipp/Dokumente/Github/VINGS-Mono-BA/output/exp_amtown03_s1000_400f,/home/philipp/Dokumente/Github/VINGS-Mono-BA/output/exp_amtown03_s1000_400f/05-30-08-43-generic_vo-amtown03_s1000_400f_mm3dgs-,OK,0,1.97,2.11,2979,392,24,400,400,1,1,-1.0,mm3dgs,124.41,1,399,22.3512,0.707,0.3114,24,8.301715566495737,7.01492827275745,400,400,11.9641,0.1827,0.4887,40,110.0,201.08,209.15,7.67,193.35,835.27,979.47,790.9,1.17,/home/philipp/Dokumente/Github/VINGS-Mono-BA/output/exp_amtown03_s1000_400f/05-30-08-43-generic_vo-amtown03_s1000_400f_mm3dgs-/run_20260530_024325.log,
1780101940,1780102044,amtown03,mm3dgs,mm3dgs_c85,configs/local/amtown03/s1000_400f/mm3dgs/amtown03_s1000_400f_mm3dgs_c85.yaml,/home/philipp/Dokumente/Github/VINGS-Mono-BA/output/exp_amtown03_s1000_400f,/home/philipp/Dokumente/Github/VINGS-Mono-BA/output/exp_amtown03_s1000_400f/05-30-08-45-generic_vo-amtown03_s1000_400f_mm3dgs_c85-,OK,0,1.73,2.11,2979,392,9,400,400,1,1,-1.0,mm3dgs,62.0,1,399,18.0165,0.6199,0.438,9,25.310392315266956,20.13203429381452,400,400,13.1448,0.2395,0.5296,40,96.1,200.94,208.36,7.71,193.17,759.39,850.64,704.54,1.18,/home/philipp/Dokumente/Github/VINGS-Mono-BA/output/exp_amtown03_s1000_400f/05-30-08-45-generic_vo-amtown03_s1000_400f_mm3dgs_c85-/run_20260530_024540.log,
1780102061,1780102210,amtown03,mm3dgs,mm3dgs_c99,configs/local/amtown03/s1000_400f/mm3dgs/amtown03_s1000_400f_mm3dgs_c99.yaml,/home/philipp/Dokumente/Github/VINGS-Mono-BA/output/exp_amtown03_s1000_400f,/home/philipp/Dokumente/Github/VINGS-Mono-BA/output/exp_amtown03_s1000_400f/05-30-08-47-generic_vo-amtown03_s1000_400f_mm3dgs_c99-,OK,0,2.48,2.11,4589,392,43,400,400,1,1,-1.0,mm3dgs,228.23,1,399,20.616,0.6006,0.44,43,8.369587334954408,7.068892777439937,400,400,11.8859,0.1666,0.5389,40,140.0,200.58,207.88,7.56,192.96,1164.11,1431.3,1119.42,1.16,/home/philipp/Dokumente/Github/VINGS-Mono-BA/output/exp_amtown03_s1000_400f/05-30-08-47-generic_vo-amtown03_s1000_400f_mm3dgs_c99-/run_20260530_024741.log,
1780102226,1780102335,amtown03,mm3dgs,mm3dgs_gap10,configs/local/amtown03/s1000_400f/mm3dgs/amtown03_s1000_400f_mm3dgs_gap10.yaml,/home/philipp/Dokumente/Github/VINGS-Mono-BA/output/exp_amtown03_s1000_400f,/home/philipp/Dokumente/Github/VINGS-Mono-BA/output/exp_amtown03_s1000_400f/05-30-08-50-generic_vo-amtown03_s1000_400f_mm3dgs_gap10-,OK,0,1.82,2.1,2521,392,16,400,400,1,1,-1.0,mm3dgs,110.26,1,399,19.5027,0.5717,0.4671,16,8.452918910763282,7.1278821194759345,400,400,13.6176,0.1843,0.5177,40,100.9,200.72,208.24,7.61,193.05,703.89,788.06,651.47,1.18,/home/philipp/Dokumente/Github/VINGS-Mono-BA/output/exp_amtown03_s1000_400f/05-30-08-50-generic_vo-amtown03_s1000_400f_mm3dgs_gap10-/run_20260530_025027.log,
1780102352,1780102520,amtown03,nurbs,nurbs,configs/local/amtown03/s1000_400f/nurbs/amtown03_s1000_400f_nurbs.yaml,/home/philipp/Dokumente/Github/VINGS-Mono-BA/output/exp_amtown03_s1000_400f,/home/philipp/Dokumente/Github/VINGS-Mono-BA/output/exp_amtown03_s1000_400f/05-30-08-52-generic_vo-amtown03_s1000_400f_nurbs-,FAIL,1,2.8,2.0,9396,240,54,248,400,1,1,-1.0,nurbs_lvi,228.62,1,231,21.6235,0.6414,0.4043,53,,,,,,,,,148.7,201.58,211.2,8.42,193.11,1633.31,2466.19,1588.74,24.47,/home/philipp/Dokumente/Github/VINGS-Mono-BA/output/exp_amtown03_s1000_400f/05-30-08-52-generic_vo-amtown03_s1000_400f_nurbs-/run_20260530_025232.log,
1780102536,1780102880,amtown03,nurbs,nurbs_orb400,configs/local/amtown03/s1000_400f/nurbs/amtown03_s1000_400f_nurbs_orb400.yaml,/home/philipp/Dokumente/Github/VINGS-Mono-BA/output/exp_amtown03_s1000_400f,/home/philipp/Dokumente/Github/VINGS-Mono-BA/output/exp_amtown03_s1000_400f/05-30-08-55-generic_vo-amtown03_s1000_400f_nurbs_orb400-,OK,0,5.73,2.19,9318,392,114,400,400,1,1,-1.0,nurbs_lvi,592.42,1,399,18.9257,0.5364,0.4512,100,8.346048253512446,7.036911351385884,400,400,12.3066,0.1743,0.532,40,331.9,202.35,210.19,7.88,194.42,2026.69,2972.79,1976.93,15.48,/home/philipp/Dokumente/Github/VINGS-Mono-BA/output/exp_amtown03_s1000_400f/05-30-08-55-generic_vo-amtown03_s1000_400f_nurbs_orb400-/run_20260530_025537.log,
1780102898,1780103072,amtown03,nurbs,nurbs_sec1,configs/local/amtown03/s1000_400f/nurbs/amtown03_s1000_400f_nurbs_sec1.yaml,/home/philipp/Dokumente/Github/VINGS-Mono-BA/output/exp_amtown03_s1000_400f,/home/philipp/Dokumente/Github/VINGS-Mono-BA/output/exp_amtown03_s1000_400f/05-30-09-01-generic_vo-amtown03_s1000_400f_nurbs_sec1-,FAIL,1,2.9,2.01,9506,160,64,168,400,1,1,-1.0,nurbs_lvi,212.9,1,132,22.2717,0.6793,0.391,57,,,,,,,,,153.0,200.71,214.75,9.42,191.24,1743.05,2679.57,1701.13,24.38,/home/philipp/Dokumente/Github/VINGS-Mono-BA/output/exp_amtown03_s1000_400f/05-30-09-01-generic_vo-amtown03_s1000_400f_nurbs_sec1-/run_20260530_030138.log,
1780103088,1780103283,amtown03,nurbs,nurbs_sec5,configs/local/amtown03/s1000_400f/nurbs/amtown03_s1000_400f_nurbs_sec5.yaml,/home/philipp/Dokumente/Github/VINGS-Mono-BA/output/exp_amtown03_s1000_400f,/home/philipp/Dokumente/Github/VINGS-Mono-BA/output/exp_amtown03_s1000_400f/05-30-09-04-generic_vo-amtown03_s1000_400f_nurbs_sec5-,OK,0,3.25,2.2,7624,392,69,400,400,1,1,-1.0,nurbs_lvi,270.42,1,399,22.4113,0.7096,0.3075,65,8.437553392969571,7.1269575335192705,400,400,12.0833,0.1572,0.5422,40,183.5,201.81,209.71,7.69,194.06,1196.85,1487.01,1156.41,24.55,/home/philipp/Dokumente/Github/VINGS-Mono-BA/output/exp_amtown03_s1000_400f/05-30-09-04-generic_vo-amtown03_s1000_400f_nurbs_sec5-/run_20260530_030449.log,
1780103299,1780103432,amtown03,orbslam,orbslam,configs/local/amtown03/s1000_400f/orbslam/amtown03_s1000_400f_orbslam.yaml,/home/philipp/Dokumente/Github/VINGS-Mono-BA/output/exp_amtown03_s1000_400f,/home/philipp/Dokumente/Github/VINGS-Mono-BA/output/exp_amtown03_s1000_400f/05-30-09-08-generic_vo-amtown03_s1000_400f_orbslam-,OK,0,2.22,2.2,3308,392,34,400,400,1,1,-1.0,orbslam3,162.11,1,399,22.1356,0.6956,0.3366,33,8.438869390540544,7.128088930928378,400,400,12.0588,0.1768,0.5325,40,123.3,201.65,211.07,7.59,194.0,911.26,1136.59,868.87,5.95,/home/philipp/Dokumente/Github/VINGS-Mono-BA/output/exp_amtown03_s1000_400f/05-30-09-08-generic_vo-amtown03_s1000_400f_orbslam-/run_20260530_030820.log,
1780103448,1780103578,amtown03,orbslam,orbslam_max15,configs/local/amtown03/s1000_400f/orbslam/amtown03_s1000_400f_orbslam_max15.yaml,/home/philipp/Dokumente/Github/VINGS-Mono-BA/output/exp_amtown03_s1000_400f,/home/philipp/Dokumente/Github/VINGS-Mono-BA/output/exp_amtown03_s1000_400f/05-30-09-10-generic_vo-amtown03_s1000_400f_orbslam_max15-,OK,0,2.17,2.21,3048,392,32,400,400,1,1,-1.0,orbslam3,159.56,1,399,21.4413,0.6706,0.3668,31,8.6499630304754,7.31202253746613,400,400,12.1297,0.1712,0.5291,40,121.4,201.32,208.58,7.62,193.64,916.7,1109.99,872.37,5.9,/home/philipp/Dokumente/Github/VINGS-Mono-BA/output/exp_amtown03_s1000_400f/05-30-09-10-generic_vo-amtown03_s1000_400f_orbslam_max15-/run_20260530_031049.log,
1780103595,1780103732,amtown03,orbslam,orbslam_max60,configs/local/amtown03/s1000_400f/orbslam/amtown03_s1000_400f_orbslam_max60.yaml,/home/philipp/Dokumente/Github/VINGS-Mono-BA/output/exp_amtown03_s1000_400f,/home/philipp/Dokumente/Github/VINGS-Mono-BA/output/exp_amtown03_s1000_400f/05-30-09-13-generic_vo-amtown03_s1000_400f_orbslam_max60-,OK,0,2.28,2.21,6297,392,33,400,400,1,1,-1.0,orbslam3,170.47,1,399,19.9165,0.6636,0.3871,33,25.339908923649148,20.199894462348826,400,400,12.8022,0.22,0.5263,40,127.9,201.34,209.18,7.66,193.62,1081.8,1304.64,1033.11,5.95,/home/philipp/Dokumente/Github/VINGS-Mono-BA/output/exp_amtown03_s1000_400f/05-30-09-13-generic_vo-amtown03_s1000_400f_orbslam_max60-/run_20260530_031315.log,
1780103749,1780103862,amtown03,orbslam,orbslam_ratio80,configs/local/amtown03/s1000_400f/orbslam/amtown03_s1000_400f_orbslam_ratio80.yaml,/home/philipp/Dokumente/Github/VINGS-Mono-BA/output/exp_amtown03_s1000_400f,/home/philipp/Dokumente/Github/VINGS-Mono-BA/output/exp_amtown03_s1000_400f/05-30-09-15-generic_vo-amtown03_s1000_400f_orbslam_ratio80-,OK,0,1.88,2.22,3889,392,17,400,400,1,1,-1.0,orbslam3,68.81,1,399,16.1739,0.5026,0.505,16,26.368216550323012,22.403756068783856,400,400,8.9031,0.0928,0.6508,40,104.6,201.67,209.57,7.68,193.94,756.64,850.4,703.14,5.95,/home/philipp/Dokumente/Github/VINGS-Mono-BA/output/exp_amtown03_s1000_400f/05-30-09-15-generic_vo-amtown03_s1000_400f_orbslam_ratio80-/run_20260530_031549.log,
1780103878,1780103984,amtown03,two_gate,two_gate,configs/local/amtown03/s1000_400f/two_gate/amtown03_s1000_400f_two_gate.yaml,/home/philipp/Dokumente/Github/VINGS-Mono-BA/output/exp_amtown03_s1000_400f,/home/philipp/Dokumente/Github/VINGS-Mono-BA/output/exp_amtown03_s1000_400f/05-30-09-18-generic_vo-amtown03_s1000_400f_two_gate-,OK,0,1.77,2.18,2058,392,8,400,400,1,1,-1.0,two_gate,40.72,1,399,16.8745,0.4626,0.5586,8,17.54986569411991,13.72163870301226,400,400,7.6429,0.0243,0.9214,40,96.6,199.79,207.87,7.42,192.32,719.99,806.08,660.72,6.01,/home/philipp/Dokumente/Github/VINGS-Mono-BA/output/exp_amtown03_s1000_400f/05-30-09-18-generic_vo-amtown03_s1000_400f_two_gate-/run_20260530_031758.log,
1780104000,1780104110,amtown03,two_gate,two_gate_b2only,configs/local/amtown03/s1000_400f/two_gate/amtown03_s1000_400f_two_gate_b2only.yaml,/home/philipp/Dokumente/Github/VINGS-Mono-BA/output/exp_amtown03_s1000_400f,/home/philipp/Dokumente/Github/VINGS-Mono-BA/output/exp_amtown03_s1000_400f/05-30-09-20-generic_vo-amtown03_s1000_400f_two_gate_b2only-,OK,0,1.83,2.11,3352,392,14,400,400,1,1,-1.0,two_gate,97.1,1,399,19.499,0.6176,0.447,14,25.419806152113154,20.276758419800462,400,400,12.7113,0.2005,0.5283,40,101.9,202.33,211.54,7.75,194.53,823.85,904.07,768.01,1.29,/home/philipp/Dokumente/Github/VINGS-Mono-BA/output/exp_amtown03_s1000_400f/05-30-09-20-generic_vo-amtown03_s1000_400f_two_gate_b2only-/run_20260530_032000.log,
1780104130,1780104250,amtown03,two_gate,two_gate_loose,configs/local/amtown03/s1000_400f/two_gate/amtown03_s1000_400f_two_gate_loose.yaml,/home/philipp/Dokumente/Github/VINGS-Mono-BA/output/exp_amtown03_s1000_400f,/home/philipp/Dokumente/Github/VINGS-Mono-BA/output/exp_amtown03_s1000_400f/05-30-09-22-generic_vo-amtown03_s1000_400f_two_gate_loose-,OK,0,2.0,2.18,5022,392,20,400,400,1,1,-1.0,two_gate,120.26,1,399,19.4495,0.6424,0.4148,19,25.309369536938885,20.16486097602231,400,400,12.8587,0.206,0.5126,40,110.8,202.71,213.13,7.69,194.96,906.85,1055.11,855.35,6.25,/home/philipp/Dokumente/Github/VINGS-Mono-BA/output/exp_amtown03_s1000_400f/05-30-09-22-generic_vo-amtown03_s1000_400f_two_gate_loose-/run_20260530_032210.log,
1780104266,1780104374,amtown03,two_gate,two_gate_strict,configs/local/amtown03/s1000_400f/two_gate/amtown03_s1000_400f_two_gate_strict.yaml,/home/philipp/Dokumente/Github/VINGS-Mono-BA/output/exp_amtown03_s1000_400f,/home/philipp/Dokumente/Github/VINGS-Mono-BA/output/exp_amtown03_s1000_400f/05-30-09-24-generic_vo-amtown03_s1000_400f_two_gate_strict-,OK,0,1.8,2.16,2690,392,7,400,400,1,1,-1.0,two_gate,56.3,1,399,19.8815,0.6254,0.448,7,25.227919000379615,20.07414400794142,400,400,13.4728,0.2269,0.5262,40,98.4,205.32,217.85,7.74,197.52,744.59,800.39,683.11,6.22,/home/philipp/Dokumente/Github/VINGS-Mono-BA/output/exp_amtown03_s1000_400f/05-30-09-24-generic_vo-amtown03_s1000_400f_two_gate_strict-/run_20260530_032427.log,
1780104390,1780104424,amtown03,two_gate_v2,two_gate_v2,configs/local/amtown03/s1000_400f/two_gate_v2/amtown03_s1000_400f_two_gate_v2.yaml,/home/philipp/Dokumente/Github/VINGS-Mono-BA/output/exp_amtown03_s1000_400f,/home/philipp/Dokumente/Github/VINGS-Mono-BA/output/exp_amtown03_s1000_400f/05-30-09-26-generic_vo-amtown03_s1000_400f_two_gate_v2-,OK,0,0.57,2.17,1944,76,2,84,400,1,1,-1.0,two_gate_v2,34.01,1,399,16.617,0.5421,0.5073,2,26.42172700787566,23.453066322967466,84,84,12.9526,0.3014,0.5521,40,25.1,199.77,231.84,11.34,188.37,723.59,648.04,607.77,5.94,/home/philipp/Dokumente/Github/VINGS-Mono-BA/output/exp_amtown03_s1000_400f/05-30-09-26-generic_vo-amtown03_s1000_400f_two_gate_v2-/run_20260530_032631.log,
1780104440,1780104476,amtown03,two_gate_v2,two_gate_v2_a3_loose,configs/local/amtown03/s1000_400f/two_gate_v2/amtown03_s1000_400f_two_gate_v2_a3_loose.yaml,/home/philipp/Dokumente/Github/VINGS-Mono-BA/output/exp_amtown03_s1000_400f,/home/philipp/Dokumente/Github/VINGS-Mono-BA/output/exp_amtown03_s1000_400f/05-30-09-27-generic_vo-amtown03_s1000_400f_two_gate_v2_a3_loose-,OK,0,0.6,2.17,1594,81,4,89,400,1,1,-1.0,two_gate_v2,45.6,1,399,23.6003,0.7782,0.2288,4,4.824371481431596,4.003943540476473,89,89,15.0776,0.3197,0.3807,40,27.6,199.74,225.67,11.32,188.36,694.58,696.63,610.95,6.1,/home/philipp/Dokumente/Github/VINGS-Mono-BA/output/exp_amtown03_s1000_400f/05-30-09-27-generic_vo-amtown03_s1000_400f_two_gate_v2_a3_loose-/run_20260530_032720.log,
1780104493,1780104600,amtown03,two_gate_v2,two_gate_v2_a3off,configs/local/amtown03/s1000_400f/two_gate_v2/amtown03_s1000_400f_two_gate_v2_a3off.yaml,/home/philipp/Dokumente/Github/VINGS-Mono-BA/output/exp_amtown03_s1000_400f,/home/philipp/Dokumente/Github/VINGS-Mono-BA/output/exp_amtown03_s1000_400f/05-30-09-28-generic_vo-amtown03_s1000_400f_two_gate_v2_a3off-,OK,0,1.78,2.17,2934,392,8,400,400,1,1,-1.0,two_gate_v2,58.39,1,399,20.2847,0.6484,0.4179,8,25.385946885170263,20.248613733308172,400,400,13.5744,0.2483,0.497,40,99.0,203.63,215.76,7.67,195.9,727.03,762.77,669.17,5.88,/home/philipp/Dokumente/Github/VINGS-Mono-BA/output/exp_amtown03_s1000_400f/05-30-09-28-generic_vo-amtown03_s1000_400f_two_gate_v2_a3off-/run_20260530_032813.log,
1780104617,1780104648,amtown03,two_gate_v2,two_gate_v2_a3_strict,configs/local/amtown03/s1000_400f/two_gate_v2/amtown03_s1000_400f_two_gate_v2_a3_strict.yaml,/home/philipp/Dokumente/Github/VINGS-Mono-BA/output/exp_amtown03_s1000_400f,/home/philipp/Dokumente/Github/VINGS-Mono-BA/output/exp_amtown03_s1000_400f/05-30-09-30-generic_vo-amtown03_s1000_400f_two_gate_v2_a3_strict-,OK,0,0.52,2.16,1480,70,1,78,400,1,1,-1.0,two_gate_v2,12.2,1,399,7.5015,0.0862,0.9652,1,3.127669210276603,2.7732319315020075,78,78,6.915,0.0151,0.9867,40,22.9,199.47,226.49,11.79,187.63,539.73,539.73,460.68,5.99,/home/philipp/Dokumente/Github/VINGS-Mono-BA/output/exp_amtown03_s1000_400f/05-30-09-30-generic_vo-amtown03_s1000_400f_two_gate_v2_a3_strict-/run_20260530_033017.log,
1780104664,1780104698,amtown03,two_gate_v2,two_gate_v2_b2only,configs/local/amtown03/s1000_400f/two_gate_v2/amtown03_s1000_400f_two_gate_v2_b2only.yaml,/home/philipp/Dokumente/Github/VINGS-Mono-BA/output/exp_amtown03_s1000_400f,/home/philipp/Dokumente/Github/VINGS-Mono-BA/output/exp_amtown03_s1000_400f/05-30-09-31-generic_vo-amtown03_s1000_400f_two_gate_v2_b2only-,OK,0,0.57,2.1,2628,76,2,84,400,1,1,-1.0,two_gate_v2,33.74,1,399,16.2259,0.5313,0.4702,2,26.20101162403818,23.265670490750786,84,84,12.8938,0.2579,0.5204,40,24.7,199.4,232.26,11.8,187.55,774.41,658.23,660.06,1.03,/home/philipp/Dokumente/Github/VINGS-Mono-BA/output/exp_amtown03_s1000_400f/05-30-09-31-generic_vo-amtown03_s1000_400f_two_gate_v2_b2only-/run_20260530_033105.log,
1780104714,1780104747,amtown03,two_gate_v2,two_gate_v2_loose,configs/local/amtown03/s1000_400f/two_gate_v2/amtown03_s1000_400f_two_gate_v2_loose.yaml,/home/philipp/Dokumente/Github/VINGS-Mono-BA/output/exp_amtown03_s1000_400f,/home/philipp/Dokumente/Github/VINGS-Mono-BA/output/exp_amtown03_s1000_400f/05-30-09-31-generic_vo-amtown03_s1000_400f_two_gate_v2_loose-,OK,0,0.55,2.17,2454,76,2,84,400,1,1,-1.0,two_gate_v2,33.69,1,399,17.7098,0.577,0.4403,2,26.195195607376697,23.26042175187171,84,84,12.9344,0.2597,0.5226,40,25.2,199.68,230.3,11.31,188.32,801.99,700.08,689.34,5.97,/home/philipp/Dokumente/Github/VINGS-Mono-BA/output/exp_amtown03_s1000_400f/05-30-09-31-generic_vo-amtown03_s1000_400f_two_gate_v2_loose-/run_20260530_033154.log,
1780104764,1780104798,amtown03,two_gate_v2,two_gate_v2_strict,configs/local/amtown03/s1000_400f/two_gate_v2/amtown03_s1000_400f_two_gate_v2_strict.yaml,/home/philipp/Dokumente/Github/VINGS-Mono-BA/output/exp_amtown03_s1000_400f,/home/philipp/Dokumente/Github/VINGS-Mono-BA/output/exp_amtown03_s1000_400f/05-30-09-32-generic_vo-amtown03_s1000_400f_two_gate_v2_strict-,OK,0,0.57,2.17,2337,76,2,84,400,1,1,-1.0,two_gate_v2,33.66,1,399,15.5918,0.5256,0.5097,2,26.145902101320274,23.215728039446144,84,84,12.8473,0.2539,0.5114,40,25.6,201.55,236.94,11.5,189.99,865.63,837.01,752.29,6.05,/home/philipp/Dokumente/Github/VINGS-Mono-BA/output/exp_amtown03_s1000_400f/05-30-09-32-generic_vo-amtown03_s1000_400f_two_gate_v2_strict-/run_20260530_033244.log,
1780104814,1780104915,amtown03,vista,vista,configs/local/amtown03/s1000_400f/vista/amtown03_s1000_400f_vista.yaml,/home/philipp/Dokumente/Github/VINGS-Mono-BA/output/exp_amtown03_s1000_400f,/home/philipp/Dokumente/Github/VINGS-Mono-BA/output/exp_amtown03_s1000_400f/05-30-09-33-generic_vo-amtown03_s1000_400f_vista-,OK,0,1.68,2.11,1469,392,5,400,400,1,1,-1.0,vista,41.11,1,399,19.1972,0.6404,0.3852,5,8.471459798899064,7.153085856581651,400,400,13.8654,0.2474,0.4583,40,92.7,200.74,207.04,7.78,192.91,663.31,691.93,602.83,0.94,/home/philipp/Dokumente/Github/VINGS-Mono-BA/output/exp_amtown03_s1000_400f/05-30-09-33-generic_vo-amtown03_s1000_400f_vista-/run_20260530_033335.log,
1780104932,1780105034,amtown03,vista,vista_g020,configs/local/amtown03/s1000_400f/vista/amtown03_s1000_400f_vista_g020.yaml,/home/philipp/Dokumente/Github/VINGS-Mono-BA/output/exp_amtown03_s1000_400f,/home/philipp/Dokumente/Github/VINGS-Mono-BA/output/exp_amtown03_s1000_400f/05-30-09-35-generic_vo-amtown03_s1000_400f_vista_g020-,OK,0,1.7,2.11,1775,392,6,400,400,1,1,-1.0,vista,45.91,1,399,20.4153,0.6444,0.3979,6,8.322719160655485,7.0044778402385495,400,400,14.1754,0.2728,0.4665,40,94.0,202.93,211.91,7.83,195.04,670.44,689.47,613.9,0.91,/home/philipp/Dokumente/Github/VINGS-Mono-BA/output/exp_amtown03_s1000_400f/05-30-09-35-generic_vo-amtown03_s1000_400f_vista_g020-/run_20260530_033532.log,
1780105051,1780105153,amtown03,vista,vista_g040,configs/local/amtown03/s1000_400f/vista/amtown03_s1000_400f_vista_g040.yaml,/home/philipp/Dokumente/Github/VINGS-Mono-BA/output/exp_amtown03_s1000_400f,/home/philipp/Dokumente/Github/VINGS-Mono-BA/output/exp_amtown03_s1000_400f/05-30-09-37-generic_vo-amtown03_s1000_400f_vista_g040-,OK,0,1.7,2.1,1570,392,5,400,400,1,1,-1.0,vista,40.99,1,399,19.4832,0.6488,0.3807,5,8.337234378259717,7.024881852965872,400,400,14.0212,0.2494,0.4609,40,94.3,205.44,216.52,7.94,197.44,654.78,684.73,593.91,0.97,/home/philipp/Dokumente/Github/VINGS-Mono-BA/output/exp_amtown03_s1000_400f/05-30-09-37-generic_vo-amtown03_s1000_400f_vista_g040-/run_20260530_033731.log,
1780105169,1780105302,amtown03,vista,vista_lowtrans,configs/local/amtown03/s1000_400f/vista/amtown03_s1000_400f_vista_lowtrans.yaml,/home/philipp/Dokumente/Github/VINGS-Mono-BA/output/exp_amtown03_s1000_400f,/home/philipp/Dokumente/Github/VINGS-Mono-BA/output/exp_amtown03_s1000_400f/05-30-09-39-generic_vo-amtown03_s1000_400f_vista_lowtrans-,OK,0,2.22,2.12,8296,392,31,400,400,1,1,-1.0,vista,163.61,1,399,20.0393,0.6726,0.3679,29,25.339034712254417,20.179914094883806,400,400,13.0114,0.2218,0.515,40,122.8,202.82,211.78,7.81,194.95,1017.96,1261.67,969.42,1.86,/home/philipp/Dokumente/Github/VINGS-Mono-BA/output/exp_amtown03_s1000_400f/05-30-09-39-generic_vo-amtown03_s1000_400f_vista_lowtrans-/run_20260530_033930.log,
